Index,Link
1.0,desktop_images/1/img1.jpg
2.0,desktop_images/2/img1.jpg
3.0,desktop_images/3/img1.jpg
4.0,desktop_images/4/img1.jpg
5.0,desktop_images/5/img1.jpg
6.0,desktop_images/6/img1.jpg
7.0,desktop_images/7/img1.jpg
8.0,desktop_images/8/img1.jpg
9.0,desktop_images/9/img1.jpg
10.0,desktop_images/10/img1.jpg
11.0,desktop_images/11/img1.jpg
12.0,desktop_images/12/img1.jpg
13.0,desktop_images/13/img1.jpg
14.0,desktop_images/14/img1.jpg
15.0,desktop_images/15/img1.jpg
16.0,desktop_images/16/img1.jpg
17.0,desktop_images/17/img1.jpg
18.0,desktop_images/18/img1.jpg
19.0,desktop_images/19/img1.jpg
20.0,desktop_images/20/img1.jpg
21.0,desktop_images/21/img1.jpg
21.0,desktop_images/21/img2.jpg
21.0,desktop_images/21/img3.jpg
22.0,desktop_images/22/img1.jpg
22.0,desktop_images/22/img2.jpg
23.0,desktop_images/23/img1.jpg
24.0,desktop_images/24/img1.jpg
25.0,desktop_images/25/img1.jpg
26.0,desktop_images/26/img1.jpg
26.0,desktop_images/26/img2.jpg
26.0,desktop_images/26/img3.jpg
26.0,desktop_images/26/img4.jpg
26.0,desktop_images/26/img5.jpg
27.0,desktop_images/27/img1.jpg
28.0,desktop_images/28/img1.jpg
29.0,desktop_images/29/img1.jpg
30.0,desktop_images/30/img1.jpg
31.0,desktop_images/31/img1.jpg
31.0,desktop_images/31/img2.jpg
32.0,desktop_images/32/img1.jpg
32.0,desktop_images/32/img2.jpg
32.0,desktop_images/32/img3.jpg
33.0,desktop_images/33/img1.jpg
33.0,desktop_images/33/img2.jpg
34.0,desktop_images/34/img1.jpg
35.0,desktop_images/35/img1.jpg
36.0,desktop_images/36/img1.jpg
36.0,desktop_images/36/img2.jpg
37.0,desktop_images/37/img1.jpg
37.0,desktop_images/37/img2.jpg
37.0,desktop_images/37/img3.jpg
38.0,desktop_images/38/img1.jpg
39.0,desktop_images/39/img1.jpg
40.0,desktop_images/40/img1.jpg
41.0,desktop_images/41/img1.jpg
42.0,desktop_images/42/img1.jpg
42.0,desktop_images/42/img2.jpg
42.0,desktop_images/42/img3.jpg
42.0,desktop_images/42/img4.jpg
42.0,desktop_images/42/img5.jpg
43.0,desktop_images/43/img1.jpg
43.0,desktop_images/43/img2.jpg
43.0,desktop_images/43/img3.jpg
44.0,desktop_images/44/img1.jpg
44.0,desktop_images/44/img2.jpg
44.0,desktop_images/44/img3.jpg
45.0,desktop_images/45/img1.jpg
46.0,desktop_images/46/img1.jpg
47.0,desktop_images/47/img1.jpg
48.0,desktop_images/48/img1.jpg
48.0,desktop_images/48/img2.jpg
48.0,desktop_images/48/img3.jpg
48.0,desktop_images/48/img4.jpg
49.0,desktop_images/49/img1.jpg
50.0,desktop_images/50/img1.jpg
51.0,desktop_images/51/img1.jpg
51.0,desktop_images/51/img2.jpg
51.0,desktop_images/51/img3.jpg
51.0,desktop_images/51/img4.jpg
52.0,desktop_images/52/img1.jpg
52.0,desktop_images/52/img2.jpg
52.0,desktop_images/52/img3.jpg
53.0,desktop_images/53/img1.jpg
54.0,desktop_images/54/img1.jpg
55.0,desktop_images/55/img1.jpg
55.0,desktop_images/55/img2.jpg
55.0,desktop_images/55/img3.jpg
55.0,desktop_images/55/img4.jpg
56.0,desktop_images/56/img1.jpg
56.0,desktop_images/56/img2.jpg
56.0,desktop_images/56/img3.jpg
57.0,desktop_images/57/img1.jpg
57.0,desktop_images/57/img2.jpg
58.0,desktop_images/58/img1.jpg
59.0,desktop_images/59/img1.jpg
59.0,desktop_images/59/img2.jpg
59.0,desktop_images/59/img3.jpg
60.0,desktop_images/60/img1.jpg
60.0,desktop_images/60/img2.jpg
61.0,desktop_images/61/img1.jpg
62.0,desktop_images/62/img1.jpg
62.0,desktop_images/62/img2.jpg
62.0,desktop_images/62/img3.jpg
62.0,desktop_images/62/img4.jpg
63.0,desktop_images/63/img1.jpg
64.0,desktop_images/64/img1.jpg
64.0,desktop_images/64/img2.jpg
64.0,desktop_images/64/img3.jpg
64.0,desktop_images/64/img4.jpg
65.0,desktop_images/65/img1.jpg
65.0,desktop_images/65/img2.jpg
65.0,desktop_images/65/img3.jpg
66.0,desktop_images/66/img1.jpg
66.0,desktop_images/66/img2.jpg
66.0,desktop_images/66/img3.jpg
67.0,desktop_images/67/img1.jpg
67.0,desktop_images/67/img2.jpg
68.0,desktop_images/68/img1.jpg
69.0,desktop_images/69/img1.jpg
70.0,desktop_images/70/img1.jpg
71.0,desktop_images/71/img1.jpg
71.0,desktop_images/71/img2.jpg
71.0,desktop_images/71/img3.jpg
71.0,desktop_images/71/img4.jpg
72.0,desktop_images/72/img1.jpg
72.0,desktop_images/72/img2.jpg
73.0,desktop_images/73/img1.jpg
74.0,desktop_images/74/img1.jpg
75.0,desktop_images/75/img1.jpg
76.0,desktop_images/76/img1.jpg
76.0,desktop_images/76/img2.jpg
76.0,desktop_images/76/img3.jpg
77.0,desktop_images/77/img1.jpg
78.0,desktop_images/78/img1.jpg
79.0,desktop_images/79/img1.jpg
80.0,desktop_images/80/img1.jpg
81.0,desktop_images/81/img1.jpg
82.0,desktop_images/82/img1.jpg
82.0,desktop_images/82/img2.jpg
83.0,desktop_images/83/img1.jpg
83.0,desktop_images/83/img2.jpg
83.0,desktop_images/83/img3.jpg
83.0,desktop_images/83/img4.jpg
84.0,desktop_images/84/img1.jpg
84.0,desktop_images/84/img2.jpg
84.0,desktop_images/84/img3.jpg
85.0,desktop_images/85/img1.jpg
85.0,desktop_images/85/img2.jpg
85.0,desktop_images/85/img3.jpg
86.0,desktop_images/86/img1.jpg
86.0,desktop_images/86/img2.jpg
87.0,desktop_images/87/img1.jpg
87.0,desktop_images/87/img2.jpg
88.0,desktop_images/88/img1.jpg
89.0,desktop_images/89/img1.jpg
89.0,desktop_images/89/img2.jpg
89.0,desktop_images/89/img3.jpg
90.0,desktop_images/90/img1.jpg
91.0,desktop_images/91/img1.jpg
92.0,desktop_images/92/img1.jpg
92.0,desktop_images/92/img2.jpg
92.0,desktop_images/92/img3.jpg
92.0,desktop_images/92/img4.jpg
93.0,desktop_images/93/img1.jpg
94.0,desktop_images/94/img1.jpg
95.0,desktop_images/95/img1.jpg
95.0,desktop_images/95/img2.jpg
95.0,desktop_images/95/img3.jpg
95.0,desktop_images/95/img4.jpg
96.0,desktop_images/96/img1.jpg
96.0,desktop_images/96/img2.jpg
97.0,desktop_images/97/img1.jpg
98.0,desktop_images/98/img1.jpg
98.0,desktop_images/98/img2.jpg
98.0,desktop_images/98/img3.jpg
98.0,desktop_images/98/img4.jpg
99.0,desktop_images/99/img1.jpg
99.0,desktop_images/99/img2.jpg
99.0,desktop_images/99/img3.jpg
99.0,desktop_images/99/img4.jpg
100.0,desktop_images/100/img1.jpg
100.0,desktop_images/100/img2.jpg
100.0,desktop_images/100/img3.jpg
100.0,desktop_images/100/img4.jpg
101.0,desktop_images/101/img1.jpg
102.0,desktop_images/102/img1.jpg
103.0,desktop_images/103/img1.jpg
103.0,desktop_images/103/img2.jpg
103.0,desktop_images/103/img3.jpg
104.0,desktop_images/104/img1.jpg
105.0,desktop_images/105/img1.jpg
106.0,desktop_images/106/img1.jpg
107.0,desktop_images/107/img1.jpg
107.0,desktop_images/107/img2.jpg
107.0,desktop_images/107/img3.jpg
107.0,desktop_images/107/img4.jpg
108.0,desktop_images/108/img1.jpg
108.0,desktop_images/108/img2.jpg
108.0,desktop_images/108/img3.jpg
108.0,desktop_images/108/img4.jpg
109.0,desktop_images/109/img1.jpg
109.0,desktop_images/109/img2.jpg
109.0,desktop_images/109/img3.jpg
110.0,desktop_images/110/img1.jpg
110.0,desktop_images/110/img2.jpg
110.0,desktop_images/110/img3.jpg
111.0,desktop_images/111/img1.jpg
111.0,desktop_images/111/img2.jpg
111.0,desktop_images/111/img3.jpg
111.0,desktop_images/111/img4.jpg
112.0,desktop_images/112/img1.jpg
112.0,desktop_images/112/img2.jpg
113.0,desktop_images/113/img1.jpg
113.0,desktop_images/113/img2.jpg
113.0,desktop_images/113/img3.jpg
113.0,desktop_images/113/img4.jpg
114.0,desktop_images/114/img1.jpg
114.0,desktop_images/114/img2.jpg
114.0,desktop_images/114/img3.jpg
114.0,desktop_images/114/img4.jpg
115.0,desktop_images/115/img1.jpg
115.0,desktop_images/115/img2.jpg
115.0,desktop_images/115/img3.jpg
115.0,desktop_images/115/img4.jpg
116.0,desktop_images/116/img1.jpg
117.0,desktop_images/117/img1.jpg
117.0,desktop_images/117/img2.jpg
117.0,desktop_images/117/img3.jpg
117.0,desktop_images/117/img4.jpg
118.0,desktop_images/118/img1.jpg
118.0,desktop_images/118/img2.jpg
118.0,desktop_images/118/img3.jpg
118.0,desktop_images/118/img4.jpg
119.0,desktop_images/119/img1.jpg
120.0,desktop_images/120/img1.jpg
121.0,desktop_images/121/img1.jpg
122.0,desktop_images/122/img1.jpg
122.0,desktop_images/122/img2.jpg
123.0,desktop_images/123/img1.jpg
123.0,desktop_images/123/img2.jpg
123.0,desktop_images/123/img3.jpg
123.0,desktop_images/123/img4.jpg
124.0,desktop_images/124/img1.jpg
124.0,desktop_images/124/img2.jpg
124.0,desktop_images/124/img3.jpg
124.0,desktop_images/124/img4.jpg
125.0,desktop_images/125/img1.jpg
125.0,desktop_images/125/img2.jpg
125.0,desktop_images/125/img3.jpg
125.0,desktop_images/125/img4.jpg
126.0,desktop_images/126/img1.jpg
126.0,desktop_images/126/img2.jpg
126.0,desktop_images/126/img3.jpg
126.0,desktop_images/126/img4.jpg
127.0,desktop_images/127/img1.jpg
128.0,desktop_images/128/img1.jpg
128.0,desktop_images/128/img2.jpg
129.0,desktop_images/129/img1.jpg
129.0,desktop_images/129/img2.jpg
129.0,desktop_images/129/img3.jpg
129.0,desktop_images/129/img4.jpg
130.0,desktop_images/130/img1.jpg
130.0,desktop_images/130/img2.jpg
130.0,desktop_images/130/img3.jpg
130.0,desktop_images/130/img4.jpg
131.0,desktop_images/131/img1.jpg
131.0,desktop_images/131/img2.jpg
131.0,desktop_images/131/img3.jpg
131.0,desktop_images/131/img4.jpg
132.0,desktop_images/132/img1.jpg
132.0,desktop_images/132/img2.jpg
132.0,desktop_images/132/img3.jpg
132.0,desktop_images/132/img4.jpg
133.0,desktop_images/133/img1.jpg
133.0,desktop_images/133/img2.jpg
133.0,desktop_images/133/img3.jpg
134.0,desktop_images/134/img1.jpg
134.0,desktop_images/134/img2.jpg
134.0,desktop_images/134/img3.jpg
135.0,desktop_images/135/img1.jpg
135.0,desktop_images/135/img2.jpg
135.0,desktop_images/135/img3.jpg
135.0,desktop_images/135/img4.jpg
136.0,desktop_images/136/img1.jpg
136.0,desktop_images/136/img2.jpg
136.0,desktop_images/136/img3.jpg
136.0,desktop_images/136/img4.jpg
137.0,desktop_images/137/img1.jpg
137.0,desktop_images/137/img2.jpg
137.0,desktop_images/137/img3.jpg
138.0,desktop_images/138/img1.jpg
138.0,desktop_images/138/img2.jpg
138.0,desktop_images/138/img3.jpg
138.0,desktop_images/138/img4.jpg
139.0,desktop_images/139/img1.jpg
139.0,desktop_images/139/img2.jpg
139.0,desktop_images/139/img3.jpg
140.0,desktop_images/140/img1.jpg
140.0,desktop_images/140/img2.jpg
140.0,desktop_images/140/img3.jpg
141.0,desktop_images/141/img1.jpg
141.0,desktop_images/141/img2.jpg
142.0,desktop_images/142/img1.jpg
142.0,desktop_images/142/img2.jpg
143.0,desktop_images/143/img1.jpg
143.0,desktop_images/143/img2.jpg
143.0,desktop_images/143/img3.jpg
144.0,desktop_images/144/img1.jpg
144.0,desktop_images/144/img2.jpg
144.0,desktop_images/144/img3.jpg
144.0,desktop_images/144/img4.jpg
145.0,desktop_images/145/img1.jpg
145.0,desktop_images/145/img2.jpg
145.0,desktop_images/145/img3.jpg
145.0,desktop_images/145/img4.jpg
146.0,desktop_images/146/img1.jpg
146.0,desktop_images/146/img2.jpg
147.0,desktop_images/147/img1.jpg
147.0,desktop_images/147/img2.jpg
148.0,desktop_images/148/img1.jpg
148.0,desktop_images/148/img2.jpg
148.0,desktop_images/148/img3.jpg
148.0,desktop_images/148/img4.jpg
149.0,desktop_images/149/img1.jpg
149.0,desktop_images/149/img2.jpg
150.0,desktop_images/150/img1.jpg
150.0,desktop_images/150/img2.jpg
150.0,desktop_images/150/img3.jpg
150.0,desktop_images/150/img4.jpg
151.0,desktop_images/151/img1.jpg
151.0,desktop_images/151/img2.jpg
151.0,desktop_images/151/img3.jpg
151.0,desktop_images/151/img4.jpg
152.0,desktop_images/152/img1.jpg
152.0,desktop_images/152/img2.jpg
152.0,desktop_images/152/img3.jpg
152.0,desktop_images/152/img4.jpg
