,Unnamed: 0,Index,Link
0,0.0,1001.0,laptop_images/1001/img1.jpg
1,1.0,1001.0,laptop_images/1001/img2.jpg
2,2.0,1001.0,laptop_images/1001/img3.jpg
3,3.0,1001.0,laptop_images/1001/img4.jpg
4,4.0,1002.0,laptop_images/1002/img1.jpg
5,5.0,1002.0,laptop_images/1002/img2.jpg
6,6.0,1002.0,laptop_images/1002/img3.jpg
7,7.0,1003.0,laptop_images/1003/img1.jpg
8,8.0,1003.0,laptop_images/1003/img2.jpg
9,9.0,1003.0,laptop_images/1003/img3.jpg
10,10.0,1003.0,laptop_images/1003/img4.jpg
11,11.0,1004.0,laptop_images/1004/img1.jpg
12,12.0,1004.0,laptop_images/1004/img2.jpg
13,13.0,1004.0,laptop_images/1004/img3.jpg
14,14.0,1004.0,laptop_images/1004/img4.jpg
15,15.0,1005.0,laptop_images/1005/img1.jpg
16,16.0,1005.0,laptop_images/1005/img2.jpg
17,17.0,1005.0,laptop_images/1005/img3.jpg
18,18.0,1006.0,laptop_images/1006/img1.jpg
19,19.0,1006.0,laptop_images/1006/img2.jpg
20,20.0,1006.0,laptop_images/1006/img3.jpg
21,21.0,1006.0,laptop_images/1006/img4.jpg
22,22.0,1007.0,laptop_images/1007/img1.jpg
23,23.0,1007.0,laptop_images/1007/img2.jpg
24,24.0,1007.0,laptop_images/1007/img3.jpg
25,25.0,1007.0,laptop_images/1007/img4.jpg
26,26.0,1008.0,laptop_images/1008/img1.jpg
27,27.0,1008.0,laptop_images/1008/img2.jpg
28,28.0,1008.0,laptop_images/1008/img3.jpg
29,29.0,1008.0,laptop_images/1008/img4.jpg
30,30.0,1009.0,laptop_images/1009/img1.jpg
31,31.0,1009.0,laptop_images/1009/img2.jpg
32,32.0,1009.0,laptop_images/1009/img3.jpg
33,33.0,1009.0,laptop_images/1009/img4.jpg
34,34.0,1010.0,laptop_images/1010/img1.jpg
35,35.0,1010.0,laptop_images/1010/img2.jpg
36,36.0,1010.0,laptop_images/1010/img3.jpg
37,37.0,1010.0,laptop_images/1010/img4.jpg
38,38.0,1011.0,laptop_images/1011/img1.jpg
39,39.0,1011.0,laptop_images/1011/img2.jpg
40,40.0,1011.0,laptop_images/1011/img3.jpg
41,41.0,1011.0,laptop_images/1011/img4.jpg
42,42.0,1012.0,laptop_images/1012/img1.jpg
43,43.0,1012.0,laptop_images/1012/img2.jpg
44,44.0,1012.0,laptop_images/1012/img3.jpg
45,45.0,1013.0,laptop_images/1013/img1.jpg
46,46.0,1014.0,laptop_images/1014/img1.jpg
47,47.0,1014.0,laptop_images/1014/img2.jpg
48,48.0,1014.0,laptop_images/1014/img3.jpg
49,49.0,1014.0,laptop_images/1014/img4.jpg
50,50.0,1014.0,laptop_images/1014/img5.jpg
51,51.0,1015.0,laptop_images/1015/img1.jpg
52,52.0,1015.0,laptop_images/1015/img2.jpg
53,53.0,1016.0,laptop_images/1016/img1.jpg
54,54.0,1016.0,laptop_images/1016/img2.jpg
55,55.0,1016.0,laptop_images/1016/img3.jpg
56,56.0,1017.0,laptop_images/1017/img1.jpg
57,57.0,1017.0,laptop_images/1017/img2.jpg
58,58.0,1017.0,laptop_images/1017/img3.jpg
59,59.0,1018.0,laptop_images/1018/img1.jpg
60,60.0,1018.0,laptop_images/1018/img2.jpg
61,61.0,1018.0,laptop_images/1018/img3.jpg
62,62.0,1019.0,laptop_images/1019/img1.jpg
63,63.0,1019.0,laptop_images/1019/img2.jpg
64,64.0,1019.0,laptop_images/1019/img3.jpg
65,65.0,1019.0,laptop_images/1019/img4.jpg
66,66.0,1019.0,laptop_images/1019/img5.jpg
67,67.0,1020.0,laptop_images/1020/img1.jpg
68,68.0,1020.0,laptop_images/1020/img2.jpg
69,69.0,1020.0,laptop_images/1020/img3.jpg
70,70.0,1020.0,laptop_images/1020/img4.jpg
71,71.0,1020.0,laptop_images/1020/img5.jpg
72,72.0,1021.0,laptop_images/1021/img1.jpg
73,73.0,1021.0,laptop_images/1021/img2.jpg
74,74.0,1021.0,laptop_images/1021/img3.jpg
75,75.0,1021.0,laptop_images/1021/img4.jpg
76,76.0,1022.0,laptop_images/1022/img1.jpg
77,77.0,1022.0,laptop_images/1022/img2.jpg
78,78.0,1022.0,laptop_images/1022/img3.jpg
79,79.0,1022.0,laptop_images/1022/img4.jpg
80,80.0,1022.0,laptop_images/1022/img5.jpg
81,81.0,1023.0,laptop_images/1023/img1.jpg
82,82.0,1023.0,laptop_images/1023/img2.jpg
83,83.0,1023.0,laptop_images/1023/img3.jpg
84,84.0,1023.0,laptop_images/1023/img4.jpg
85,85.0,1023.0,laptop_images/1023/img5.jpg
86,86.0,1024.0,laptop_images/1024/img1.jpg
87,87.0,1024.0,laptop_images/1024/img2.jpg
88,88.0,1024.0,laptop_images/1024/img3.jpg
89,89.0,1024.0,laptop_images/1024/img4.jpg
90,90.0,1024.0,laptop_images/1024/img5.jpg
91,91.0,1025.0,laptop_images/1025/img1.jpg
92,92.0,1025.0,laptop_images/1025/img2.jpg
93,93.0,1025.0,laptop_images/1025/img3.jpg
94,94.0,1025.0,laptop_images/1025/img4.jpg
95,95.0,1025.0,laptop_images/1025/img5.jpg
96,96.0,1026.0,laptop_images/1026/img1.jpg
97,97.0,1026.0,laptop_images/1026/img2.jpg
98,98.0,1026.0,laptop_images/1026/img3.jpg
99,99.0,1026.0,laptop_images/1026/img4.jpg
100,100.0,1026.0,laptop_images/1026/img5.jpg
101,101.0,1027.0,laptop_images/1027/img1.jpg
102,102.0,1027.0,laptop_images/1027/img2.jpg
103,103.0,1027.0,laptop_images/1027/img3.jpg
104,104.0,1027.0,laptop_images/1027/img4.jpg
105,105.0,1027.0,laptop_images/1027/img5.jpg
106,106.0,1028.0,laptop_images/1028/img1.jpg
107,107.0,1028.0,laptop_images/1028/img2.jpg
108,108.0,1028.0,laptop_images/1028/img3.jpg
109,109.0,1028.0,laptop_images/1028/img4.jpg
110,110.0,1029.0,laptop_images/1029/img1.jpg
111,111.0,1029.0,laptop_images/1029/img2.jpg
112,112.0,1029.0,laptop_images/1029/img3.jpg
113,113.0,1030.0,laptop_images/1030/img1.jpg
114,114.0,1030.0,laptop_images/1030/img2.jpg
115,115.0,1030.0,laptop_images/1030/img3.jpg
116,116.0,1031.0,laptop_images/1031/img1.jpg
117,117.0,1031.0,laptop_images/1031/img2.jpg
118,118.0,1031.0,laptop_images/1031/img3.jpg
119,119.0,1031.0,laptop_images/1031/img4.jpg
120,120.0,1032.0,laptop_images/1032/img1.jpg
121,121.0,1032.0,laptop_images/1032/img2.jpg
122,122.0,1032.0,laptop_images/1032/img3.jpg
123,123.0,1032.0,laptop_images/1032/img4.jpg
124,124.0,1032.0,laptop_images/1032/img5.jpg
125,125.0,1033.0,laptop_images/1033/img1.jpg
126,126.0,1033.0,laptop_images/1033/img2.jpg
127,127.0,1033.0,laptop_images/1033/img3.jpg
128,128.0,1033.0,laptop_images/1033/img4.jpg
129,129.0,1034.0,laptop_images/1034/img1.jpg
130,130.0,1034.0,laptop_images/1034/img2.jpg
131,131.0,1034.0,laptop_images/1034/img3.jpg
132,132.0,1034.0,laptop_images/1034/img4.jpg
133,133.0,1034.0,laptop_images/1034/img5.jpg
134,134.0,1035.0,laptop_images/1035/img1.jpg
135,135.0,1035.0,laptop_images/1035/img2.jpg
136,136.0,1035.0,laptop_images/1035/img3.jpg
137,137.0,1035.0,laptop_images/1035/img4.jpg
138,138.0,1036.0,laptop_images/1036/img1.jpg
139,139.0,1036.0,laptop_images/1036/img2.jpg
140,140.0,1036.0,laptop_images/1036/img3.jpg
141,141.0,1036.0,laptop_images/1036/img4.jpg
142,142.0,1037.0,laptop_images/1037/img1.jpg
143,143.0,1037.0,laptop_images/1037/img2.jpg
144,144.0,1037.0,laptop_images/1037/img3.jpg
145,145.0,1037.0,laptop_images/1037/img4.jpg
146,146.0,1037.0,laptop_images/1037/img5.jpg
147,147.0,1038.0,laptop_images/1038/img1.jpg
148,148.0,1038.0,laptop_images/1038/img2.jpg
149,149.0,1038.0,laptop_images/1038/img3.jpg
150,150.0,1038.0,laptop_images/1038/img4.jpg
151,151.0,1039.0,laptop_images/1039/img1.jpg
152,152.0,1039.0,laptop_images/1039/img2.jpg
153,153.0,1039.0,laptop_images/1039/img3.jpg
154,154.0,1040.0,laptop_images/1040/img1.jpg
155,155.0,1040.0,laptop_images/1040/img2.jpg
156,156.0,1040.0,laptop_images/1040/img3.jpg
157,157.0,1040.0,laptop_images/1040/img4.jpg
158,158.0,1040.0,laptop_images/1040/img5.jpg
159,159.0,1040.0,laptop_images/1040/img6.jpg
160,160.0,1041.0,laptop_images/1041/img1.jpg
161,161.0,1041.0,laptop_images/1041/img2.jpg
162,162.0,1041.0,laptop_images/1041/img3.jpg
163,163.0,1041.0,laptop_images/1041/img4.jpg
164,164.0,1042.0,laptop_images/1042/img1.jpg
165,165.0,1042.0,laptop_images/1042/img2.jpg
166,166.0,1042.0,laptop_images/1042/img3.jpg
167,167.0,1042.0,laptop_images/1042/img4.jpg
168,168.0,1043.0,laptop_images/1043/img1.jpg
169,169.0,1043.0,laptop_images/1043/img2.jpg
170,170.0,1043.0,laptop_images/1043/img3.jpg
171,171.0,1043.0,laptop_images/1043/img4.jpg
172,172.0,1043.0,laptop_images/1043/img5.jpg
173,173.0,1044.0,laptop_images/1044/img1.jpg
174,174.0,1044.0,laptop_images/1044/img2.jpg
175,175.0,1044.0,laptop_images/1044/img3.jpg
176,176.0,1044.0,laptop_images/1044/img4.jpg
177,177.0,1045.0,laptop_images/1045/img1.jpg
178,178.0,1045.0,laptop_images/1045/img2.jpg
179,179.0,1045.0,laptop_images/1045/img3.jpg
180,180.0,1045.0,laptop_images/1045/img4.jpg
181,181.0,1045.0,laptop_images/1045/img5.jpg
182,182.0,1046.0,laptop_images/1046/img1.jpg
183,183.0,1046.0,laptop_images/1046/img2.jpg
184,184.0,1046.0,laptop_images/1046/img3.jpg
185,185.0,1046.0,laptop_images/1046/img4.jpg
186,186.0,1047.0,laptop_images/1047/img1.jpg
187,187.0,1047.0,laptop_images/1047/img2.jpg
188,188.0,1047.0,laptop_images/1047/img3.jpg
189,189.0,1047.0,laptop_images/1047/img4.jpg
190,190.0,1047.0,laptop_images/1047/img5.jpg
191,191.0,1048.0,laptop_images/1048/img1.jpg
192,192.0,1048.0,laptop_images/1048/img2.jpg
193,193.0,1048.0,laptop_images/1048/img3.jpg
194,194.0,1048.0,laptop_images/1048/img4.jpg
195,195.0,1048.0,laptop_images/1048/img5.jpg
196,196.0,1049.0,laptop_images/1049/img1.jpg
197,197.0,1049.0,laptop_images/1049/img2.jpg
198,198.0,1049.0,laptop_images/1049/img3.jpg
199,199.0,1049.0,laptop_images/1049/img4.jpg
200,200.0,1049.0,laptop_images/1049/img5.jpg
201,201.0,1050.0,laptop_images/1050/img1.jpg
202,202.0,1050.0,laptop_images/1050/img2.jpg
203,203.0,1050.0,laptop_images/1050/img3.jpg
204,204.0,1050.0,laptop_images/1050/img4.jpg
205,205.0,1050.0,laptop_images/1050/img5.jpg
206,206.0,1051.0,laptop_images/1051/img1.jpg
207,207.0,1051.0,laptop_images/1051/img2.jpg
208,208.0,1051.0,laptop_images/1051/img3.jpg
209,209.0,1051.0,laptop_images/1051/img4.jpg
210,210.0,1051.0,laptop_images/1051/img5.jpg
211,211.0,1052.0,laptop_images/1052/img1.jpg
212,212.0,1052.0,laptop_images/1052/img2.jpg
213,213.0,1052.0,laptop_images/1052/img3.jpg
214,214.0,1052.0,laptop_images/1052/img4.jpg
215,215.0,1052.0,laptop_images/1052/img5.jpg
216,216.0,1052.0,laptop_images/1052/img6.jpg
217,217.0,1053.0,laptop_images/1053/img1.jpg
218,218.0,1053.0,laptop_images/1053/img2.jpg
219,219.0,1053.0,laptop_images/1053/img3.jpg
220,220.0,1053.0,laptop_images/1053/img4.jpg
221,221.0,1053.0,laptop_images/1053/img5.jpg
222,222.0,1054.0,laptop_images/1054/img1.jpg
223,223.0,1054.0,laptop_images/1054/img2.jpg
224,224.0,1054.0,laptop_images/1054/img3.jpg
225,225.0,1055.0,laptop_images/1055/img1.jpg
226,226.0,1055.0,laptop_images/1055/img2.jpg
227,227.0,1055.0,laptop_images/1055/img3.jpg
228,228.0,1055.0,laptop_images/1055/img4.jpg
229,229.0,1056.0,laptop_images/1056/img1.jpg
230,230.0,1056.0,laptop_images/1056/img2.jpg
231,231.0,1056.0,laptop_images/1056/img3.jpg
232,232.0,1057.0,laptop_images/1057/img1.jpg
233,233.0,1057.0,laptop_images/1057/img2.jpg
234,234.0,1057.0,laptop_images/1057/img3.jpg
235,235.0,1058.0,laptop_images/1058/img1.jpg
236,236.0,1058.0,laptop_images/1058/img2.jpg
237,237.0,1058.0,laptop_images/1058/img3.jpg
238,238.0,1058.0,laptop_images/1058/img4.jpg
239,239.0,1058.0,laptop_images/1058/img5.jpg
240,240.0,1059.0,laptop_images/1059/img1.jpg
241,241.0,1059.0,laptop_images/1059/img2.jpg
242,242.0,1059.0,laptop_images/1059/img3.jpg
243,243.0,1059.0,laptop_images/1059/img4.jpg
244,244.0,1059.0,laptop_images/1059/img5.jpg
245,245.0,1059.0,laptop_images/1059/img6.jpg
246,246.0,1060.0,laptop_images/1060/img1.jpg
247,247.0,1060.0,laptop_images/1060/img2.jpg
248,248.0,1060.0,laptop_images/1060/img3.jpg
249,249.0,1060.0,laptop_images/1060/img4.jpg
250,250.0,1061.0,laptop_images/1061/img1.jpg
251,251.0,1061.0,laptop_images/1061/img2.jpg
252,252.0,1061.0,laptop_images/1061/img3.jpg
253,253.0,1061.0,laptop_images/1061/img4.jpg
254,254.0,1062.0,laptop_images/1062/img1.jpg
255,255.0,1062.0,laptop_images/1062/img2.jpg
256,256.0,1062.0,laptop_images/1062/img3.jpg
257,257.0,1062.0,laptop_images/1062/img4.jpg
258,258.0,1062.0,laptop_images/1062/img5.jpg
259,259.0,1063.0,laptop_images/1063/img1.jpg
260,260.0,1063.0,laptop_images/1063/img2.jpg
261,261.0,1063.0,laptop_images/1063/img3.jpg
262,262.0,1063.0,laptop_images/1063/img4.jpg
263,263.0,1063.0,laptop_images/1063/img5.jpg
264,264.0,1064.0,laptop_images/1064/img1.jpg
265,265.0,1064.0,laptop_images/1064/img2.jpg
266,266.0,1064.0,laptop_images/1064/img3.jpg
267,267.0,1065.0,laptop_images/1065/img1.jpg
268,268.0,1065.0,laptop_images/1065/img2.jpg
269,269.0,1065.0,laptop_images/1065/img3.jpg
270,270.0,1065.0,laptop_images/1065/img4.jpg
271,271.0,1066.0,laptop_images/1066/img1.jpg
272,272.0,1066.0,laptop_images/1066/img2.jpg
273,273.0,1066.0,laptop_images/1066/img3.jpg
274,274.0,1067.0,laptop_images/1067/img1.jpg
275,275.0,1067.0,laptop_images/1067/img2.jpg
276,276.0,1067.0,laptop_images/1067/img3.jpg
277,277.0,1067.0,laptop_images/1067/img4.jpg
278,278.0,1067.0,laptop_images/1067/img5.jpg
279,279.0,1068.0,laptop_images/1068/img1.jpg
280,280.0,1068.0,laptop_images/1068/img2.jpg
281,281.0,1068.0,laptop_images/1068/img3.jpg
282,282.0,1068.0,laptop_images/1068/img4.jpg
283,283.0,1069.0,laptop_images/1069/img1.jpg
284,284.0,1069.0,laptop_images/1069/img2.jpg
285,285.0,1069.0,laptop_images/1069/img3.jpg
286,286.0,1069.0,laptop_images/1069/img4.jpg
287,287.0,1069.0,laptop_images/1069/img5.jpg
288,288.0,1069.0,laptop_images/1069/img6.jpg
289,289.0,1070.0,laptop_images/1070/img1.jpg
290,290.0,1070.0,laptop_images/1070/img2.jpg
291,291.0,1070.0,laptop_images/1070/img3.jpg
292,292.0,1070.0,laptop_images/1070/img4.jpg
293,293.0,1070.0,laptop_images/1070/img5.jpg
294,294.0,1071.0,laptop_images/1071/img1.jpg
295,295.0,1071.0,laptop_images/1071/img2.jpg
296,296.0,1071.0,laptop_images/1071/img3.jpg
297,297.0,1071.0,laptop_images/1071/img4.jpg
298,298.0,1071.0,laptop_images/1071/img5.jpg
299,299.0,1072.0,laptop_images/1072/img1.jpg
300,300.0,1072.0,laptop_images/1072/img2.jpg
301,301.0,1072.0,laptop_images/1072/img3.jpg
302,302.0,1072.0,laptop_images/1072/img4.jpg
303,303.0,1073.0,laptop_images/1073/img1.jpg
304,304.0,1073.0,laptop_images/1073/img2.jpg
305,305.0,1073.0,laptop_images/1073/img3.jpg
306,306.0,1073.0,laptop_images/1073/img4.jpg
307,307.0,1074.0,laptop_images/1074/img1.jpg
308,308.0,1074.0,laptop_images/1074/img2.jpg
309,309.0,1074.0,laptop_images/1074/img3.jpg
310,310.0,1075.0,laptop_images/1075/img1.jpg
311,311.0,1075.0,laptop_images/1075/img2.jpg
312,312.0,1075.0,laptop_images/1075/img3.jpg
313,313.0,1075.0,laptop_images/1075/img4.jpg
314,314.0,1076.0,laptop_images/1076/img1.jpg
315,315.0,1076.0,laptop_images/1076/img2.jpg
316,316.0,1076.0,laptop_images/1076/img3.jpg
317,317.0,1076.0,laptop_images/1076/img4.jpg
318,318.0,1076.0,laptop_images/1076/img5.jpg
319,319.0,1077.0,laptop_images/1077/img1.jpg
320,320.0,1077.0,laptop_images/1077/img2.jpg
321,321.0,1077.0,laptop_images/1077/img3.jpg
322,322.0,1077.0,laptop_images/1077/img4.jpg
323,323.0,1077.0,laptop_images/1077/img5.jpg
324,324.0,1078.0,laptop_images/1078/img1.jpg
325,325.0,1078.0,laptop_images/1078/img2.jpg
326,326.0,1078.0,laptop_images/1078/img3.jpg
327,327.0,1078.0,laptop_images/1078/img4.jpg
328,328.0,1079.0,laptop_images/1079/img1.jpg
329,329.0,1079.0,laptop_images/1079/img2.jpg
330,330.0,1079.0,laptop_images/1079/img3.jpg
331,331.0,1079.0,laptop_images/1079/img4.jpg
332,332.0,1079.0,laptop_images/1079/img5.jpg
333,333.0,1080.0,laptop_images/1080/img1.jpg
334,334.0,1080.0,laptop_images/1080/img2.jpg
335,335.0,1080.0,laptop_images/1080/img3.jpg
336,336.0,1080.0,laptop_images/1080/img4.jpg
337,337.0,1081.0,laptop_images/1081/img1.jpg
338,338.0,1081.0,laptop_images/1081/img2.jpg
339,339.0,1081.0,laptop_images/1081/img3.jpg
340,340.0,1081.0,laptop_images/1081/img4.jpg
341,341.0,1081.0,laptop_images/1081/img5.jpg
342,342.0,1082.0,laptop_images/1082/img1.jpg
343,343.0,1082.0,laptop_images/1082/img2.jpg
344,344.0,1082.0,laptop_images/1082/img3.jpg
345,345.0,1082.0,laptop_images/1082/img4.jpg
346,346.0,1083.0,laptop_images/1083/img1.jpg
347,347.0,1083.0,laptop_images/1083/img2.jpg
348,348.0,1084.0,laptop_images/1084/img1.jpg
349,349.0,1084.0,laptop_images/1084/img2.jpg
350,350.0,1084.0,laptop_images/1084/img3.jpg
351,351.0,1084.0,laptop_images/1084/img4.jpg
352,352.0,1084.0,laptop_images/1084/img5.jpg
353,353.0,1085.0,laptop_images/1085/img1.jpg
354,354.0,1085.0,laptop_images/1085/img2.jpg
355,355.0,1085.0,laptop_images/1085/img3.jpg
356,356.0,1085.0,laptop_images/1085/img4.jpg
357,357.0,1086.0,laptop_images/1086/img1.jpg
358,358.0,1086.0,laptop_images/1086/img2.jpg
359,359.0,1086.0,laptop_images/1086/img3.jpg
360,360.0,1086.0,laptop_images/1086/img4.jpg
361,361.0,1086.0,laptop_images/1086/img5.jpg
362,362.0,1086.0,laptop_images/1086/img6.jpg
363,363.0,1087.0,laptop_images/1087/img1.jpg
364,364.0,1087.0,laptop_images/1087/img2.jpg
365,365.0,1087.0,laptop_images/1087/img3.jpg
366,366.0,1087.0,laptop_images/1087/img4.jpg
367,367.0,1088.0,laptop_images/1088/img1.jpg
368,368.0,1088.0,laptop_images/1088/img2.jpg
369,369.0,1088.0,laptop_images/1088/img3.jpg
370,370.0,1088.0,laptop_images/1088/img4.jpg
371,371.0,1088.0,laptop_images/1088/img5.jpg
372,372.0,1089.0,laptop_images/1089/img1.jpg
373,373.0,1089.0,laptop_images/1089/img2.jpg
374,374.0,1089.0,laptop_images/1089/img3.jpg
375,375.0,1089.0,laptop_images/1089/img4.jpg
376,376.0,1090.0,laptop_images/1090/img1.jpg
377,377.0,1090.0,laptop_images/1090/img2.jpg
378,378.0,1090.0,laptop_images/1090/img3.jpg
379,379.0,1091.0,laptop_images/1091/img1.jpg
380,380.0,1091.0,laptop_images/1091/img2.jpg
381,381.0,1091.0,laptop_images/1091/img3.jpg
382,382.0,1091.0,laptop_images/1091/img4.jpg
383,383.0,1092.0,laptop_images/1092/img1.jpg
384,384.0,1092.0,laptop_images/1092/img2.jpg
385,385.0,1093.0,laptop_images/1093/img1.jpg
386,386.0,1093.0,laptop_images/1093/img2.jpg
387,387.0,1093.0,laptop_images/1093/img3.jpg
388,388.0,1093.0,laptop_images/1093/img4.jpg
389,389.0,1093.0,laptop_images/1093/img5.jpg
390,390.0,1094.0,laptop_images/1094/img1.jpg
391,391.0,1094.0,laptop_images/1094/img2.jpg
392,392.0,1094.0,laptop_images/1094/img3.jpg
393,393.0,1094.0,laptop_images/1094/img4.jpg
394,394.0,1095.0,laptop_images/1095/img1.jpg
395,395.0,1095.0,laptop_images/1095/img2.jpg
396,396.0,1095.0,laptop_images/1095/img3.jpg
397,397.0,1095.0,laptop_images/1095/img4.jpg
398,398.0,1095.0,laptop_images/1095/img5.jpg
399,399.0,1095.0,laptop_images/1095/img6.jpg
400,400.0,1096.0,laptop_images/1096/img1.jpg
401,401.0,1096.0,laptop_images/1096/img2.jpg
402,402.0,1096.0,laptop_images/1096/img3.jpg
403,403.0,1096.0,laptop_images/1096/img4.jpg
404,404.0,1097.0,laptop_images/1097/img1.jpg
405,405.0,1097.0,laptop_images/1097/img2.jpg
406,406.0,1097.0,laptop_images/1097/img3.jpg
407,407.0,1097.0,laptop_images/1097/img4.jpg
408,408.0,1098.0,laptop_images/1098/img1.jpg
409,409.0,1098.0,laptop_images/1098/img2.jpg
410,410.0,1098.0,laptop_images/1098/img3.jpg
411,411.0,1099.0,laptop_images/1099/img1.jpg
412,412.0,1099.0,laptop_images/1099/img2.jpg
413,413.0,1099.0,laptop_images/1099/img3.jpg
414,414.0,1099.0,laptop_images/1099/img4.jpg
415,415.0,1100.0,laptop_images/1100/img1.jpg
416,416.0,1100.0,laptop_images/1100/img2.jpg
417,417.0,1100.0,laptop_images/1100/img3.jpg
418,418.0,1100.0,laptop_images/1100/img4.jpg
419,419.0,1101.0,laptop_images/1101/img1.jpg
420,420.0,1101.0,laptop_images/1101/img2.jpg
421,421.0,1101.0,laptop_images/1101/img3.jpg
422,422.0,1101.0,laptop_images/1101/img4.jpg
423,423.0,1102.0,laptop_images/1102/img1.jpg
424,424.0,1102.0,laptop_images/1102/img2.jpg
425,425.0,1102.0,laptop_images/1102/img3.jpg
426,426.0,1102.0,laptop_images/1102/img4.jpg
427,427.0,1102.0,laptop_images/1102/img5.jpg
428,428.0,1102.0,laptop_images/1102/img6.jpg
429,429.0,1103.0,laptop_images/1103/img1.jpg
430,430.0,1103.0,laptop_images/1103/img2.jpg
431,431.0,1103.0,laptop_images/1103/img3.jpg
432,432.0,1103.0,laptop_images/1103/img4.jpg
433,433.0,1104.0,laptop_images/1104/img1.jpg
434,434.0,1104.0,laptop_images/1104/img2.jpg
435,435.0,1104.0,laptop_images/1104/img3.jpg
436,436.0,1105.0,laptop_images/1105/img1.jpg
437,437.0,1105.0,laptop_images/1105/img2.jpg
438,438.0,1105.0,laptop_images/1105/img3.jpg
439,439.0,1105.0,laptop_images/1105/img4.jpg
440,440.0,1105.0,laptop_images/1105/img5.jpg
441,441.0,1106.0,laptop_images/1106/img1.jpg
442,442.0,1106.0,laptop_images/1106/img2.jpg
443,443.0,1106.0,laptop_images/1106/img3.jpg
444,444.0,1106.0,laptop_images/1106/img4.jpg
445,445.0,1107.0,laptop_images/1107/img1.jpg
446,446.0,1107.0,laptop_images/1107/img2.jpg
447,447.0,1107.0,laptop_images/1107/img3.jpg
448,448.0,1108.0,laptop_images/1108/img1.jpg
449,449.0,1108.0,laptop_images/1108/img2.jpg
450,450.0,1108.0,laptop_images/1108/img3.jpg
451,451.0,1108.0,laptop_images/1108/img4.jpg
452,452.0,1109.0,laptop_images/1109/img1.jpg
453,453.0,1109.0,laptop_images/1109/img2.jpg
454,454.0,1109.0,laptop_images/1109/img3.jpg
455,455.0,1109.0,laptop_images/1109/img4.jpg
456,456.0,1109.0,laptop_images/1109/img5.jpg
457,457.0,1109.0,laptop_images/1109/img6.jpg
458,458.0,1110.0,laptop_images/1110/img1.jpg
459,459.0,1110.0,laptop_images/1110/img2.jpg
460,460.0,1110.0,laptop_images/1110/img3.jpg
461,461.0,1110.0,laptop_images/1110/img4.jpg
462,,1111.0,laptop_images/1111/img1.jpg
463,,1111.0,laptop_images/1111/img2.jpg
464,,1112.0,laptop_images/1112/img1.jpg
465,,1112.0,laptop_images/1112/img2.jpg
466,,1113.0,laptop_images/1113/img1.jpg
467,,1113.0,laptop_images/1113/img2.jpg
468,,1114.0,laptop_images/1114/img1.jpg
469,,1114.0,laptop_images/1114/img2.jpg
470,,1114.0,laptop_images/1114/img3.jpg
471,,1115.0,laptop_images/1115/img1.jpg
472,,1115.0,laptop_images/1115/img2.jpg
473,,1115.0,laptop_images/1115/img3.jpg
474,,1116.0,laptop_images/1116/img1.jpg
475,,1116.0,laptop_images/1116/img2.jpg
476,,1117.0,laptop_images/1117/img1.jpg
477,,1117.0,laptop_images/1117/img2.jpg
478,,1117.0,laptop_images/1117/img3.jpg
479,,1118.0,laptop_images/1118/img1.jpg
480,,1119.0,laptop_images/1119/img1.jpg
481,,1119.0,laptop_images/1119/img2.jpg
482,,1119.0,laptop_images/1119/img3.jpg
483,,1120.0,laptop_images/1120/img1.jpg
484,,1120.0,laptop_images/1120/img2.jpg
485,,1120.0,laptop_images/1120/img3.jpg
486,,1121.0,laptop_images/1121/img1.jpg
487,,1121.0,laptop_images/1121/img2.jpg
488,,1121.0,laptop_images/1121/img3.jpg
489,,1122.0,laptop_images/1122/img1.jpg
490,,1123.0,laptop_images/1123/img1.jpg
491,,1123.0,laptop_images/1123/img2.jpg
492,,1123.0,laptop_images/1123/img3.jpg
493,,1124.0,laptop_images/1124/img1.jpg
494,,1124.0,laptop_images/1124/img2.jpg
495,,1124.0,laptop_images/1124/img3.jpg
496,,1125.0,laptop_images/1125/img1.jpg
497,,1125.0,laptop_images/1125/img2.jpg
498,,1125.0,laptop_images/1125/img3.jpg
499,,1125.0,laptop_images/1125/img4.jpg
500,,1125.0,laptop_images/1125/img5.jpg
501,,1125.0,laptop_images/1125/img6.jpg
502,,1126.0,laptop_images/1126/img1.jpg
503,,1126.0,laptop_images/1126/img2.jpg
504,,1126.0,laptop_images/1126/img3.jpg
505,,1126.0,laptop_images/1126/img4.jpg
506,,1126.0,laptop_images/1126/img5.jpg
507,,1127.0,laptop_images/1127/img1.jpg
508,,1127.0,laptop_images/1127/img2.jpg
509,,1127.0,laptop_images/1127/img3.jpg
510,,1127.0,laptop_images/1127/img4.jpg
511,,1128.0,laptop_images/1128/img1.jpg
512,,1128.0,laptop_images/1128/img2.jpg
513,,1128.0,laptop_images/1128/img3.jpg
514,,1129.0,laptop_images/1129/img1.jpg
515,,1129.0,laptop_images/1129/img2.jpg
516,,1129.0,laptop_images/1129/img3.jpg
517,,1129.0,laptop_images/1129/img4.jpg
518,,1129.0,laptop_images/1129/img5.jpg
519,,1130.0,laptop_images/1130/img1.jpg
520,,1130.0,laptop_images/1130/img2.jpg
521,,1130.0,laptop_images/1130/img3.jpg
522,,1131.0,laptop_images/1131/img1.jpg
523,,1131.0,laptop_images/1131/img2.jpg
524,,1131.0,laptop_images/1131/img3.jpg
525,,1131.0,laptop_images/1131/img4.jpg
526,,1131.0,laptop_images/1131/img5.jpg
527,,1132.0,laptop_images/1132/img1.jpg
528,,1132.0,laptop_images/1132/img2.jpg
529,,1132.0,laptop_images/1132/img3.jpg
530,,1133.0,laptop_images/1133/img1.jpg
531,,1133.0,laptop_images/1133/img2.jpg
532,,1133.0,laptop_images/1133/img3.jpg
533,,1134.0,laptop_images/1134/img1.jpg
534,,1134.0,laptop_images/1134/img2.jpg
535,,1134.0,laptop_images/1134/img3.jpg
536,,1134.0,laptop_images/1134/img4.jpg
537,,1134.0,laptop_images/1134/img5.jpg
538,,1135.0,laptop_images/1135/img1.jpg
539,,1135.0,laptop_images/1135/img2.jpg
540,,1135.0,laptop_images/1135/img3.jpg
541,,1135.0,laptop_images/1135/img4.jpg
542,,1135.0,laptop_images/1135/img5.jpg
543,,1136.0,laptop_images/1136/img1.jpg
544,,1136.0,laptop_images/1136/img2.jpg
545,,1136.0,laptop_images/1136/img3.jpg
546,,1136.0,laptop_images/1136/img4.jpg
547,,1136.0,laptop_images/1136/img5.jpg
548,,1136.0,laptop_images/1136/img6.jpg
549,,1136.0,laptop_images/1136/img7.jpg
550,,1137.0,laptop_images/1137/img1.jpg
551,,1137.0,laptop_images/1137/img2.jpg
552,,1137.0,laptop_images/1137/img3.jpg
553,,1138.0,laptop_images/1138/img1.jpg
554,,1138.0,laptop_images/1138/img2.jpg
555,,1138.0,laptop_images/1138/img3.jpg
556,,1138.0,laptop_images/1138/img4.jpg
557,,1138.0,laptop_images/1138/img5.jpg
558,,1139.0,laptop_images/1139/img1.jpg
559,,1139.0,laptop_images/1139/img2.jpg
560,,1139.0,laptop_images/1139/img3.jpg
561,,1140.0,laptop_images/1140/img1.jpg
562,,1140.0,laptop_images/1140/img2.jpg
563,,1140.0,laptop_images/1140/img3.jpg
564,,1140.0,laptop_images/1140/img4.jpg
565,,1140.0,laptop_images/1140/img5.jpg
566,,1141.0,laptop_images/1141/img1.jpg
567,,1141.0,laptop_images/1141/img2.jpg
568,,1141.0,laptop_images/1141/img3.jpg
569,,1141.0,laptop_images/1141/img4.jpg
570,,1141.0,laptop_images/1141/img5.jpg
571,,1141.0,laptop_images/1141/img6.jpg
572,,1142.0,laptop_images/1142/img1.jpg
573,,1142.0,laptop_images/1142/img2.jpg
574,,1142.0,laptop_images/1142/img3.jpg
575,,1142.0,laptop_images/1142/img4.jpg
576,,1143.0,laptop_images/1143/img1.jpg
577,,1143.0,laptop_images/1143/img2.jpg
578,,1143.0,laptop_images/1143/img3.jpg
579,,1143.0,laptop_images/1143/img4.jpg
580,,1143.0,laptop_images/1143/img5.jpg
581,,1144.0,laptop_images/1144/img1.jpg
582,,1144.0,laptop_images/1144/img2.jpg
583,,1144.0,laptop_images/1144/img3.jpg
584,,1144.0,laptop_images/1144/img4.jpg
585,,1145.0,laptop_images/1145/img1.jpg
586,,1145.0,laptop_images/1145/img2.jpg
587,,1146.0,laptop_images/1146/img1.jpg
588,,1146.0,laptop_images/1146/img2.jpg
589,,1147.0,laptop_images/1147/img1.jpg
590,,1147.0,laptop_images/1147/img2.jpg
591,,1147.0,laptop_images/1147/img3.jpg
592,,1147.0,laptop_images/1147/img4.jpg
593,,1148.0,laptop_images/1148/img1.jpg
594,,1148.0,laptop_images/1148/img2.jpg
595,,1148.0,laptop_images/1148/img3.jpg
596,,1148.0,laptop_images/1148/img4.jpg
597,,1149.0,laptop_images/1149/img1.jpg
598,,1150.0,laptop_images/1150/img1.jpg
599,,1150.0,laptop_images/1150/img2.jpg
600,,1150.0,laptop_images/1150/img3.jpg
601,,1151.0,laptop_images/1151/img1.jpg
602,,1151.0,laptop_images/1151/img2.jpg
603,,1151.0,laptop_images/1151/img3.jpg
604,,1151.0,laptop_images/1151/img4.jpg
605,,1151.0,laptop_images/1151/img5.jpg
606,,1151.0,laptop_images/1151/img6.jpg
607,,1152.0,laptop_images/1152/img1.jpg
608,,1152.0,laptop_images/1152/img2.jpg
609,,1152.0,laptop_images/1152/img3.jpg
610,,1153.0,laptop_images/1153/img1.jpg
611,,1153.0,laptop_images/1153/img2.jpg
612,,1154.0,laptop_images/1154/img1.jpg
613,,1154.0,laptop_images/1154/img2.jpg
614,,1154.0,laptop_images/1154/img3.jpg
615,,1154.0,laptop_images/1154/img4.jpg
616,,1155.0,laptop_images/1155/img1.jpg
617,,1155.0,laptop_images/1155/img2.jpg
618,,1155.0,laptop_images/1155/img3.jpg
619,,1156.0,laptop_images/1156/img1.jpg
620,,1156.0,laptop_images/1156/img2.jpg
621,,1157.0,laptop_images/1157/img1.jpg
622,,1157.0,laptop_images/1157/img2.jpg
623,,1157.0,laptop_images/1157/img3.jpg
624,,1157.0,laptop_images/1157/img4.jpg
625,,1157.0,laptop_images/1157/img5.jpg
626,,1158.0,laptop_images/1158/img1.jpg
627,,1158.0,laptop_images/1158/img2.jpg
628,,1158.0,laptop_images/1158/img3.jpg
629,,1159.0,laptop_images/1159/img1.jpg
630,,1159.0,laptop_images/1159/img2.jpg
631,,1159.0,laptop_images/1159/img3.jpg
632,,1159.0,laptop_images/1159/img4.jpg
633,,1159.0,laptop_images/1159/img5.jpg
634,,1159.0,laptop_images/1159/img6.jpg
635,,1159.0,laptop_images/1159/img7.jpg
636,,1160.0,laptop_images/1160/img1.jpg
637,,1160.0,laptop_images/1160/img2.jpg
638,,1160.0,laptop_images/1160/img3.jpg
639,,1160.0,laptop_images/1160/img4.jpg
640,,1161.0,laptop_images/1161/img1.jpg
641,,1161.0,laptop_images/1161/img2.jpg
642,,1161.0,laptop_images/1161/img3.jpg
643,,1162.0,laptop_images/1162/img1.jpg
644,,1162.0,laptop_images/1162/img2.jpg
645,,1162.0,laptop_images/1162/img3.jpg
646,,1162.0,laptop_images/1162/img4.jpg
647,,1162.0,laptop_images/1162/img5.jpg
648,,1163.0,laptop_images/1163/img1.jpg
649,,1163.0,laptop_images/1163/img2.jpg
650,,1163.0,laptop_images/1163/img3.jpg
651,,1164.0,laptop_images/1164/img1.jpg
652,,1164.0,laptop_images/1164/img2.jpg
653,,1164.0,laptop_images/1164/img3.jpg
654,,1164.0,laptop_images/1164/img4.jpg
655,,1164.0,laptop_images/1164/img5.jpg
656,,1165.0,laptop_images/1165/img1.jpg
657,,1165.0,laptop_images/1165/img2.jpg
658,,1165.0,laptop_images/1165/img3.jpg
659,,1165.0,laptop_images/1165/img4.jpg
660,,1165.0,laptop_images/1165/img5.jpg
661,,1166.0,laptop_images/1166/img1.jpg
662,,1166.0,laptop_images/1166/img2.jpg
663,,1166.0,laptop_images/1166/img3.jpg
664,,1167.0,laptop_images/1167/img1.jpg
665,,1167.0,laptop_images/1167/img2.jpg
666,,1167.0,laptop_images/1167/img3.jpg
667,,1167.0,laptop_images/1167/img4.jpg
668,,1167.0,laptop_images/1167/img5.jpg
669,,1168.0,laptop_images/1168/img1.jpg
670,,1168.0,laptop_images/1168/img2.jpg
671,,1168.0,laptop_images/1168/img3.jpg
672,,1168.0,laptop_images/1168/img4.jpg
673,,1168.0,laptop_images/1168/img5.jpg
674,,1169.0,laptop_images/1169/img1.jpg
675,,1169.0,laptop_images/1169/img2.jpg
676,,1169.0,laptop_images/1169/img3.jpg
677,,1170.0,laptop_images/1170/img1.jpg
678,,1170.0,laptop_images/1170/img2.jpg
679,,1170.0,laptop_images/1170/img3.jpg
680,,1171.0,laptop_images/1171/img1.jpg
681,,1171.0,laptop_images/1171/img2.jpg
682,,1171.0,laptop_images/1171/img3.jpg
683,,1172.0,laptop_images/1172/img1.jpg
684,,1172.0,laptop_images/1172/img2.jpg
685,,1173.0,laptop_images/1173/img1.jpg
686,,1173.0,laptop_images/1173/img2.jpg
687,,1174.0,laptop_images/1174/img1.jpg
688,,1174.0,laptop_images/1174/img2.jpg
689,,1174.0,laptop_images/1174/img3.jpg
690,,1175.0,laptop_images/1175/img1.jpg
691,,1176.0,laptop_images/1176/img1.jpg
692,,1176.0,laptop_images/1176/img2.jpg
693,,1176.0,laptop_images/1176/img3.jpg
694,,1176.0,laptop_images/1176/img4.jpg
695,,1177.0,laptop_images/1177/img1.jpg
696,,1177.0,laptop_images/1177/img2.jpg
697,,1177.0,laptop_images/1177/img3.jpg
698,,1178.0,laptop_images/1178/img1.jpg
699,,1179.0,laptop_images/1179/img1.jpg
700,,1179.0,laptop_images/1179/img2.jpg
701,,1179.0,laptop_images/1179/img3.jpg
702,,1180.0,laptop_images/1180/img1.jpg
703,,1180.0,laptop_images/1180/img2.jpg
704,,1180.0,laptop_images/1180/img3.jpg
705,,1180.0,laptop_images/1180/img4.jpg
706,,1181.0,laptop_images/1181/img1.jpg
707,,1181.0,laptop_images/1181/img2.jpg
708,,1181.0,laptop_images/1181/img3.jpg
709,,1181.0,laptop_images/1181/img4.jpg
710,,1181.0,laptop_images/1181/img5.jpg
711,,1182.0,laptop_images/1182/img1.jpg
712,,1182.0,laptop_images/1182/img2.jpg
713,,1182.0,laptop_images/1182/img3.jpg
714,,1182.0,laptop_images/1182/img4.jpg
715,,1182.0,laptop_images/1182/img5.jpg
716,,1183.0,laptop_images/1183/img1.jpg
717,,1183.0,laptop_images/1183/img2.jpg
718,,1183.0,laptop_images/1183/img3.jpg
719,,1183.0,laptop_images/1183/img4.jpg
720,,1183.0,laptop_images/1183/img5.jpg
721,,1184.0,laptop_images/1184/img1.jpg
722,,1184.0,laptop_images/1184/img2.jpg
723,,1184.0,laptop_images/1184/img3.jpg
724,,1185.0,laptop_images/1185/img1.jpg
725,,1185.0,laptop_images/1185/img2.jpg
726,,1185.0,laptop_images/1185/img3.jpg
727,,1185.0,laptop_images/1185/img4.jpg
728,,1185.0,laptop_images/1185/img5.jpg
729,,1186.0,laptop_images/1186/img1.jpg
730,,1186.0,laptop_images/1186/img2.jpg
731,,1186.0,laptop_images/1186/img3.jpg
732,,1186.0,laptop_images/1186/img4.jpg
733,,1186.0,laptop_images/1186/img5.jpg
734,,1187.0,laptop_images/1187/img1.jpg
735,,1187.0,laptop_images/1187/img2.jpg
736,,1187.0,laptop_images/1187/img3.jpg
737,,1187.0,laptop_images/1187/img4.jpg
738,,1188.0,laptop_images/1188/img1.jpg
739,,1188.0,laptop_images/1188/img2.jpg
740,,1188.0,laptop_images/1188/img3.jpg
741,,1188.0,laptop_images/1188/img4.jpg
742,,1188.0,laptop_images/1188/img5.jpg
743,,1189.0,laptop_images/1189/img1.jpg
744,,1189.0,laptop_images/1189/img2.jpg
745,,1189.0,laptop_images/1189/img3.jpg
746,,1190.0,laptop_images/1190/img1.jpg
747,,1190.0,laptop_images/1190/img2.jpg
748,,1190.0,laptop_images/1190/img3.jpg
749,,1191.0,laptop_images/1191/img1.jpg
750,,1191.0,laptop_images/1191/img2.jpg
751,,1191.0,laptop_images/1191/img3.jpg
752,,1191.0,laptop_images/1191/img4.jpg
753,,1192.0,laptop_images/1192/img1.jpg
754,,1192.0,laptop_images/1192/img2.jpg
755,,1192.0,laptop_images/1192/img3.jpg
756,,1192.0,laptop_images/1192/img4.jpg
757,,1193.0,laptop_images/1193/img1.jpg
758,,1193.0,laptop_images/1193/img2.jpg
759,,1193.0,laptop_images/1193/img3.jpg
760,,1193.0,laptop_images/1193/img4.jpg
761,,1193.0,laptop_images/1193/img5.jpg
762,,1194.0,laptop_images/1194/img1.jpg
763,,1194.0,laptop_images/1194/img2.jpg
764,,1194.0,laptop_images/1194/img3.jpg
765,,1194.0,laptop_images/1194/img4.jpg
766,,1194.0,laptop_images/1194/img5.jpg
767,,1195.0,laptop_images/1195/img1.jpg
768,,1195.0,laptop_images/1195/img2.jpg
769,,1195.0,laptop_images/1195/img3.jpg
770,,1195.0,laptop_images/1195/img4.jpg
771,,1195.0,laptop_images/1195/img5.jpg
772,,1196.0,laptop_images/1196/img1.jpg
773,,1196.0,laptop_images/1196/img2.jpg
774,,1196.0,laptop_images/1196/img3.jpg
775,,1197.0,laptop_images/1197/img1.jpg
776,,1198.0,laptop_images/1198/img1.jpg
777,,1198.0,laptop_images/1198/img2.jpg
778,,1198.0,laptop_images/1198/img3.jpg
779,,1199.0,laptop_images/1199/img1.jpg
780,,1199.0,laptop_images/1199/img2.jpg
781,,1199.0,laptop_images/1199/img3.jpg
782,,1199.0,laptop_images/1199/img4.jpg
783,,1200.0,laptop_images/1200/img1.jpg
784,,1200.0,laptop_images/1200/img2.jpg
785,,1201.0,laptop_images/1201/img1.jpg
786,,1201.0,laptop_images/1201/img2.jpg
787,,1202.0,laptop_images/1202/img1.jpg
788,,1202.0,laptop_images/1202/img2.jpg
789,,1202.0,laptop_images/1202/img3.jpg
790,,1202.0,laptop_images/1202/img4.jpg
791,,1202.0,laptop_images/1202/img5.jpg
