,Index,Link
0,2500.0,monitor_images/2500/img1.jpg
1,2500.0,monitor_images/2500/img2.jpg
2,2500.0,monitor_images/2500/img3.jpg
3,2501.0,monitor_images/2501/img1.jpg
4,2501.0,monitor_images/2501/img2.jpg
5,2501.0,monitor_images/2501/img3.jpg
6,2501.0,monitor_images/2501/img4.jpg
7,2502.0,monitor_images/2502/img1.jpg
8,2502.0,monitor_images/2502/img2.jpg
9,2503.0,monitor_images/2503/img1.jpg
10,2503.0,monitor_images/2503/img2.jpg
11,2503.0,monitor_images/2503/img3.jpg
12,2503.0,monitor_images/2503/img4.jpg
13,2503.0,monitor_images/2503/img5.jpg
14,2503.0,monitor_images/2503/img6.jpg
15,2504.0,monitor_images/2504/img1.jpg
16,2505.0,monitor_images/2505/img1.jpg
17,2506.0,monitor_images/2506/img1.jpg
18,2506.0,monitor_images/2506/img2.jpg
19,2507.0,monitor_images/2507/img1.jpg
20,2507.0,monitor_images/2507/img2.jpg
21,2507.0,monitor_images/2507/img3.jpg
22,2507.0,monitor_images/2507/img4.jpg
23,2508.0,monitor_images/2508/img1.jpg
24,2508.0,monitor_images/2508/img2.jpg
25,2508.0,monitor_images/2508/img3.jpg
26,2508.0,monitor_images/2508/img4.jpg
27,2508.0,monitor_images/2508/img5.jpg
28,2509.0,monitor_images/2509/img1.jpg
29,2509.0,monitor_images/2509/img2.jpg
30,2510.0,monitor_images/2510/img1.jpg
31,2510.0,monitor_images/2510/img2.jpg
32,2510.0,monitor_images/2510/img3.jpg
33,2511.0,monitor_images/2511/img1.jpg
34,2512.0,monitor_images/2512/img1.jpg
35,2513.0,monitor_images/2513/img1.jpg
36,2513.0,monitor_images/2513/img2.jpg
37,2513.0,monitor_images/2513/img3.jpg
38,2513.0,monitor_images/2513/img4.jpg
39,2514.0,monitor_images/2514/img1.jpg
40,2514.0,monitor_images/2514/img2.jpg
41,2514.0,monitor_images/2514/img3.jpg
42,2514.0,monitor_images/2514/img4.jpg
43,2514.0,monitor_images/2514/img5.jpg
44,2515.0,monitor_images/2515/img1.jpg
45,2515.0,monitor_images/2515/img2.jpg
46,2515.0,monitor_images/2515/img3.jpg
47,2515.0,monitor_images/2515/img4.jpg
48,2516.0,monitor_images/2516/img1.jpg
49,2516.0,monitor_images/2516/img2.jpg
50,2516.0,monitor_images/2516/img3.jpg
51,2516.0,monitor_images/2516/img4.jpg
52,2517.0,monitor_images/2517/img1.jpg
53,2517.0,monitor_images/2517/img2.jpg
54,2517.0,monitor_images/2517/img3.jpg
55,2517.0,monitor_images/2517/img4.jpg
56,2517.0,monitor_images/2517/img5.jpg
57,2518.0,monitor_images/2518/img1.jpg
58,2518.0,monitor_images/2518/img2.jpg
59,2518.0,monitor_images/2518/img3.jpg
60,2518.0,monitor_images/2518/img4.jpg
61,2519.0,monitor_images/2519/img1.jpg
62,2519.0,monitor_images/2519/img2.jpg
63,2519.0,monitor_images/2519/img3.jpg
64,2520.0,monitor_images/2520/img1.jpg
65,2520.0,monitor_images/2520/img2.jpg
66,2520.0,monitor_images/2520/img3.jpg
67,2520.0,monitor_images/2520/img4.jpg
68,2521.0,monitor_images/2521/img1.jpg
69,2521.0,monitor_images/2521/img2.jpg
70,2521.0,monitor_images/2521/img3.jpg
71,2521.0,monitor_images/2521/img4.jpg
72,2522.0,monitor_images/2522/img1.jpg
73,2522.0,monitor_images/2522/img2.jpg
74,2522.0,monitor_images/2522/img3.jpg
75,2522.0,monitor_images/2522/img4.jpg
76,2522.0,monitor_images/2522/img5.jpg
77,2523.0,monitor_images/2523/img1.jpg
78,2523.0,monitor_images/2523/img2.jpg
79,2523.0,monitor_images/2523/img3.jpg
80,2523.0,monitor_images/2523/img4.jpg
81,2524.0,monitor_images/2524/img1.jpg
82,2524.0,monitor_images/2524/img2.jpg
83,2524.0,monitor_images/2524/img3.jpg
84,2524.0,monitor_images/2524/img4.jpg
85,2525.0,monitor_images/2525/img1.jpg
86,2526.0,monitor_images/2526/img1.jpg
87,2526.0,monitor_images/2526/img2.jpg
88,2526.0,monitor_images/2526/img3.jpg
89,2526.0,monitor_images/2526/img4.jpg
90,2527.0,monitor_images/2527/img1.jpg
91,2527.0,monitor_images/2527/img2.jpg
92,2527.0,monitor_images/2527/img3.jpg
93,2527.0,monitor_images/2527/img4.jpg
94,2528.0,monitor_images/2528/img1.jpg
95,2528.0,monitor_images/2528/img2.jpg
96,2529.0,monitor_images/2529/img1.jpg
97,2529.0,monitor_images/2529/img2.jpg
98,2529.0,monitor_images/2529/img3.jpg
99,2529.0,monitor_images/2529/img4.jpg
100,2530.0,monitor_images/2530/img1.jpg
101,2530.0,monitor_images/2530/img2.jpg
102,2530.0,monitor_images/2530/img3.jpg
103,2530.0,monitor_images/2530/img4.jpg
104,2530.0,monitor_images/2530/img5.jpg
105,2530.0,monitor_images/2530/img6.jpg
106,2531.0,monitor_images/2531/img1.jpg
107,2531.0,monitor_images/2531/img2.jpg
108,2531.0,monitor_images/2531/img3.jpg
109,2531.0,monitor_images/2531/img4.jpg
110,2531.0,monitor_images/2531/img5.jpg
111,2531.0,monitor_images/2531/img6.jpg
112,2531.0,monitor_images/2531/img7.jpg
113,2532.0,monitor_images/2532/img1.jpg
114,2532.0,monitor_images/2532/img2.jpg
115,2532.0,monitor_images/2532/img3.jpg
116,2532.0,monitor_images/2532/img4.jpg
117,2533.0,monitor_images/2533/img1.jpg
118,2533.0,monitor_images/2533/img2.jpg
119,2533.0,monitor_images/2533/img3.jpg
120,2533.0,monitor_images/2533/img4.jpg
121,2534.0,monitor_images/2534/img1.jpg
122,2535.0,monitor_images/2535/img1.jpg
123,2535.0,monitor_images/2535/img2.jpg
124,2535.0,monitor_images/2535/img3.jpg
125,2536.0,monitor_images/2536/img1.jpg
126,2536.0,monitor_images/2536/img2.jpg
127,2536.0,monitor_images/2536/img3.jpg
128,2536.0,monitor_images/2536/img4.jpg
129,2536.0,monitor_images/2536/img5.jpg
130,2537.0,monitor_images/2537/img1.jpg
131,2537.0,monitor_images/2537/img2.jpg
132,2537.0,monitor_images/2537/img3.jpg
133,2537.0,monitor_images/2537/img4.jpg
134,2538.0,monitor_images/2538/img1.jpg
135,2538.0,monitor_images/2538/img2.jpg
136,2538.0,monitor_images/2538/img3.jpg
137,2538.0,monitor_images/2538/img4.jpg
138,2538.0,monitor_images/2538/img5.jpg
139,2539.0,monitor_images/2539/img1.jpg
140,2539.0,monitor_images/2539/img2.jpg
141,2539.0,monitor_images/2539/img3.jpg
142,2539.0,monitor_images/2539/img4.jpg
143,2539.0,monitor_images/2539/img5.jpg
144,2540.0,monitor_images/2540/img1.jpg
145,2541.0,monitor_images/2541/img1.jpg
146,2541.0,monitor_images/2541/img2.jpg
147,2541.0,monitor_images/2541/img3.jpg
148,2541.0,monitor_images/2541/img4.jpg
149,2541.0,monitor_images/2541/img5.jpg
150,2542.0,monitor_images/2542/img1.jpg
151,2542.0,monitor_images/2542/img2.jpg
152,2542.0,monitor_images/2542/img3.jpg
153,2542.0,monitor_images/2542/img4.jpg
154,2543.0,monitor_images/2543/img1.jpg
155,2543.0,monitor_images/2543/img2.jpg
156,2543.0,monitor_images/2543/img3.jpg
157,2543.0,monitor_images/2543/img4.jpg
158,2544.0,monitor_images/2544/img1.jpg
159,2544.0,monitor_images/2544/img2.jpg
160,2544.0,monitor_images/2544/img3.jpg
161,2544.0,monitor_images/2544/img4.jpg
162,2544.0,monitor_images/2544/img5.jpg
163,2545.0,monitor_images/2545/img1.jpg
164,2545.0,monitor_images/2545/img2.jpg
165,2545.0,monitor_images/2545/img3.jpg
166,2545.0,monitor_images/2545/img4.jpg
167,2546.0,monitor_images/2546/img1.jpg
168,2546.0,monitor_images/2546/img2.jpg
169,2546.0,monitor_images/2546/img3.jpg
170,2546.0,monitor_images/2546/img4.jpg
171,2547.0,monitor_images/2547/img1.jpg
172,2547.0,monitor_images/2547/img2.jpg
173,2547.0,monitor_images/2547/img3.jpg
174,2548.0,monitor_images/2548/img1.jpg
175,2548.0,monitor_images/2548/img2.jpg
176,2548.0,monitor_images/2548/img3.jpg
177,2548.0,monitor_images/2548/img4.jpg
178,2548.0,monitor_images/2548/img5.jpg
179,2549.0,monitor_images/2549/img1.jpg
180,2549.0,monitor_images/2549/img2.jpg
181,2549.0,monitor_images/2549/img3.jpg
182,2549.0,monitor_images/2549/img4.jpg
183,2550.0,monitor_images/2550/img1.jpg
184,2550.0,monitor_images/2550/img2.jpg
185,2551.0,monitor_images/2551/img1.jpg
186,2551.0,monitor_images/2551/img2.jpg
187,2551.0,monitor_images/2551/img3.jpg
188,2551.0,monitor_images/2551/img4.jpg
189,2552.0,monitor_images/2552/img1.jpg
190,2552.0,monitor_images/2552/img2.jpg
191,2553.0,monitor_images/2553/img1.jpg
192,2553.0,monitor_images/2553/img2.jpg
193,2553.0,monitor_images/2553/img3.jpg
194,2553.0,monitor_images/2553/img4.jpg
195,2554.0,monitor_images/2554/img1.jpg
196,2554.0,monitor_images/2554/img2.jpg
197,2554.0,monitor_images/2554/img3.jpg
198,2555.0,monitor_images/2555/img1.jpg
199,2555.0,monitor_images/2555/img2.jpg
200,2555.0,monitor_images/2555/img3.jpg
201,2556.0,monitor_images/2556/img1.jpg
202,2556.0,monitor_images/2556/img2.jpg
203,2556.0,monitor_images/2556/img3.jpg
204,2556.0,monitor_images/2556/img4.jpg
205,2556.0,monitor_images/2556/img5.jpg
206,2557.0,monitor_images/2557/img1.jpg
207,2557.0,monitor_images/2557/img2.jpg
208,2557.0,monitor_images/2557/img3.jpg
209,2558.0,monitor_images/2558/img1.jpg
210,2558.0,monitor_images/2558/img2.jpg
211,2558.0,monitor_images/2558/img3.jpg
212,2558.0,monitor_images/2558/img4.jpg
213,2558.0,monitor_images/2558/img5.jpg
214,2559.0,monitor_images/2559/img1.jpg
215,2559.0,monitor_images/2559/img2.jpg
216,2559.0,monitor_images/2559/img3.jpg
217,2559.0,monitor_images/2559/img4.jpg
218,2559.0,monitor_images/2559/img5.jpg
219,2560.0,monitor_images/2560/img1.jpg
220,2560.0,monitor_images/2560/img2.jpg
221,2560.0,monitor_images/2560/img3.jpg
222,2560.0,monitor_images/2560/img4.jpg
223,2561.0,monitor_images/2561/img1.jpg
224,2561.0,monitor_images/2561/img2.jpg
225,2561.0,monitor_images/2561/img3.jpg
226,2561.0,monitor_images/2561/img4.jpg
227,2561.0,monitor_images/2561/img5.jpg
228,2561.0,monitor_images/2561/img6.jpg
229,2562.0,monitor_images/2562/img1.jpg
230,2562.0,monitor_images/2562/img2.jpg
231,2562.0,monitor_images/2562/img3.jpg
232,2562.0,monitor_images/2562/img4.jpg
233,2562.0,monitor_images/2562/img5.jpg
234,2562.0,monitor_images/2562/img6.jpg
235,2563.0,monitor_images/2563/img1.jpg
236,2563.0,monitor_images/2563/img2.jpg
237,2563.0,monitor_images/2563/img3.jpg
238,2563.0,monitor_images/2563/img4.jpg
239,2564.0,monitor_images/2564/img1.jpg
240,2564.0,monitor_images/2564/img2.jpg
241,2564.0,monitor_images/2564/img3.jpg
242,2564.0,monitor_images/2564/img4.jpg
243,2565.0,monitor_images/2565/img1.jpg
244,2565.0,monitor_images/2565/img2.jpg
245,2565.0,monitor_images/2565/img3.jpg
246,2565.0,monitor_images/2565/img4.jpg
247,2565.0,monitor_images/2565/img5.jpg
248,2565.0,monitor_images/2565/img6.jpg
249,2566.0,monitor_images/2566/img1.jpg
250,2566.0,monitor_images/2566/img2.jpg
251,2566.0,monitor_images/2566/img3.jpg
252,2566.0,monitor_images/2566/img4.jpg
253,2566.0,monitor_images/2566/img5.jpg
254,2567.0,monitor_images/2567/img1.jpg
255,2567.0,monitor_images/2567/img2.jpg
256,2567.0,monitor_images/2567/img3.jpg
257,2568.0,monitor_images/2568/img1.jpg
258,2568.0,monitor_images/2568/img2.jpg
259,2568.0,monitor_images/2568/img3.jpg
260,2568.0,monitor_images/2568/img4.jpg
261,2568.0,monitor_images/2568/img5.jpg
262,2569.0,monitor_images/2569/img1.jpg
263,2569.0,monitor_images/2569/img2.jpg
264,2569.0,monitor_images/2569/img3.jpg
265,2569.0,monitor_images/2569/img4.jpg
266,2569.0,monitor_images/2569/img5.jpg
267,2570.0,monitor_images/2570/img1.jpg
268,2570.0,monitor_images/2570/img2.jpg
269,2571.0,monitor_images/2571/img1.jpg
270,2571.0,monitor_images/2571/img2.jpg
271,2571.0,monitor_images/2571/img3.jpg
272,2571.0,monitor_images/2571/img4.jpg
273,2571.0,monitor_images/2571/img5.jpg
274,2572.0,monitor_images/2572/img1.jpg
275,2572.0,monitor_images/2572/img2.jpg
276,2572.0,monitor_images/2572/img3.jpg
277,2572.0,monitor_images/2572/img4.jpg
278,2572.0,monitor_images/2572/img5.jpg
279,2573.0,monitor_images/2573/img1.jpg
280,2573.0,monitor_images/2573/img2.jpg
281,2573.0,monitor_images/2573/img3.jpg
282,2573.0,monitor_images/2573/img4.jpg
283,2573.0,monitor_images/2573/img5.jpg
284,2574.0,monitor_images/2574/img1.jpg
285,2574.0,monitor_images/2574/img2.jpg
286,2574.0,monitor_images/2574/img3.jpg
287,2574.0,monitor_images/2574/img4.jpg
288,2574.0,monitor_images/2574/img5.jpg
289,2574.0,monitor_images/2574/img6.jpg
290,2575.0,monitor_images/2575/img1.jpg
291,2575.0,monitor_images/2575/img2.jpg
292,2575.0,monitor_images/2575/img3.jpg
293,2575.0,monitor_images/2575/img4.jpg
294,2576.0,monitor_images/2576/img1.jpg
295,2576.0,monitor_images/2576/img2.jpg
296,2576.0,monitor_images/2576/img3.jpg
297,2576.0,monitor_images/2576/img4.jpg
298,2576.0,monitor_images/2576/img5.jpg
299,2576.0,monitor_images/2576/img6.jpg
300,2577.0,monitor_images/2577/img1.jpg
301,2577.0,monitor_images/2577/img2.jpg
302,2577.0,monitor_images/2577/img3.jpg
303,2578.0,monitor_images/2578/img1.jpg
304,2578.0,monitor_images/2578/img2.jpg
305,2578.0,monitor_images/2578/img3.jpg
306,2578.0,monitor_images/2578/img4.jpg
307,2579.0,monitor_images/2579/img1.jpg
308,2579.0,monitor_images/2579/img2.jpg
309,2579.0,monitor_images/2579/img3.jpg
310,2579.0,monitor_images/2579/img4.jpg
311,2579.0,monitor_images/2579/img5.jpg
312,2579.0,monitor_images/2579/img6.jpg
313,2579.0,monitor_images/2579/img7.jpg
314,2580.0,monitor_images/2580/img1.jpg
315,2580.0,monitor_images/2580/img2.jpg
316,2580.0,monitor_images/2580/img3.jpg
317,2580.0,monitor_images/2580/img4.jpg
318,2581.0,monitor_images/2581/img1.jpg
319,2581.0,monitor_images/2581/img2.jpg
320,2581.0,monitor_images/2581/img3.jpg
321,2581.0,monitor_images/2581/img4.jpg
322,2582.0,monitor_images/2582/img1.jpg
323,2582.0,monitor_images/2582/img2.jpg
324,2582.0,monitor_images/2582/img3.jpg
325,2582.0,monitor_images/2582/img4.jpg
326,2582.0,monitor_images/2582/img5.jpg
327,2582.0,monitor_images/2582/img6.jpg
328,2583.0,monitor_images/2583/img1.jpg
329,2583.0,monitor_images/2583/img2.jpg
330,2583.0,monitor_images/2583/img3.jpg
331,2583.0,monitor_images/2583/img4.jpg
332,2584.0,monitor_images/2584/img1.jpg
333,2584.0,monitor_images/2584/img2.jpg
334,2584.0,monitor_images/2584/img3.jpg
335,2584.0,monitor_images/2584/img4.jpg
336,2584.0,monitor_images/2584/img5.jpg
337,2585.0,monitor_images/2585/img1.jpg
338,2585.0,monitor_images/2585/img2.jpg
339,2585.0,monitor_images/2585/img3.jpg
340,2585.0,monitor_images/2585/img4.jpg
341,2585.0,monitor_images/2585/img5.jpg
342,2586.0,monitor_images/2586/img1.jpg
343,2586.0,monitor_images/2586/img2.jpg
344,2586.0,monitor_images/2586/img3.jpg
345,2586.0,monitor_images/2586/img4.jpg
346,2586.0,monitor_images/2586/img5.jpg
347,2587.0,monitor_images/2587/img1.jpg
348,2587.0,monitor_images/2587/img2.jpg
349,2587.0,monitor_images/2587/img3.jpg
350,2587.0,monitor_images/2587/img4.jpg
351,2588.0,monitor_images/2588/img1.jpg
352,2588.0,monitor_images/2588/img2.jpg
353,2588.0,monitor_images/2588/img3.jpg
354,2588.0,monitor_images/2588/img4.jpg
355,2589.0,monitor_images/2589/img1.jpg
356,2589.0,monitor_images/2589/img2.jpg
357,2589.0,monitor_images/2589/img3.jpg
358,2589.0,monitor_images/2589/img4.jpg
359,2589.0,monitor_images/2589/img5.jpg
360,2589.0,monitor_images/2589/img6.jpg
361,2590.0,monitor_images/2590/img1.jpg
362,2590.0,monitor_images/2590/img2.jpg
363,2590.0,monitor_images/2590/img3.jpg
364,2590.0,monitor_images/2590/img4.jpg
365,2590.0,monitor_images/2590/img5.jpg
366,2591.0,monitor_images/2591/img1.jpg
367,2591.0,monitor_images/2591/img2.jpg
368,2591.0,monitor_images/2591/img3.jpg
369,2591.0,monitor_images/2591/img4.jpg
370,2591.0,monitor_images/2591/img5.jpg
371,2591.0,monitor_images/2591/img6.jpg
372,2591.0,monitor_images/2591/img7.jpg
373,2592.0,monitor_images/2592/img1.jpg
374,2592.0,monitor_images/2592/img2.jpg
375,2592.0,monitor_images/2592/img3.jpg
376,2592.0,monitor_images/2592/img4.jpg
377,2592.0,monitor_images/2592/img5.jpg
378,2593.0,monitor_images/2593/img1.jpg
379,2593.0,monitor_images/2593/img2.jpg
380,2593.0,monitor_images/2593/img3.jpg
381,2593.0,monitor_images/2593/img4.jpg
382,2594.0,monitor_images/2594/img1.jpg
383,2594.0,monitor_images/2594/img2.jpg
384,2594.0,monitor_images/2594/img3.jpg
385,2594.0,monitor_images/2594/img4.jpg
386,2594.0,monitor_images/2594/img5.jpg
387,2595.0,monitor_images/2595/img1.jpg
388,2595.0,monitor_images/2595/img2.jpg
389,2595.0,monitor_images/2595/img3.jpg
390,2596.0,monitor_images/2596/img1.jpg
391,2596.0,monitor_images/2596/img2.jpg
392,2596.0,monitor_images/2596/img3.jpg
393,2597.0,monitor_images/2597/img1.jpg
394,2597.0,monitor_images/2597/img2.jpg
395,2597.0,monitor_images/2597/img3.jpg
396,2597.0,monitor_images/2597/img4.jpg
397,2597.0,monitor_images/2597/img5.jpg
398,2597.0,monitor_images/2597/img6.jpg
399,2598.0,monitor_images/2598/img1.jpg
400,2598.0,monitor_images/2598/img2.jpg
401,2598.0,monitor_images/2598/img3.jpg
402,2598.0,monitor_images/2598/img4.jpg
403,2599.0,monitor_images/2599/img1.jpg
404,2599.0,monitor_images/2599/img2.jpg
405,2599.0,monitor_images/2599/img3.jpg
406,2600.0,monitor_images/2600/img1.jpg
407,2600.0,monitor_images/2600/img2.jpg
408,2600.0,monitor_images/2600/img3.jpg
409,2600.0,monitor_images/2600/img4.jpg
410,2600.0,monitor_images/2600/img5.jpg
411,2601.0,monitor_images/2601/img1.jpg
412,2601.0,monitor_images/2601/img2.jpg
413,2601.0,monitor_images/2601/img3.jpg
414,2602.0,monitor_images/2602/img1.jpg
415,2602.0,monitor_images/2602/img2.jpg
416,2602.0,monitor_images/2602/img3.jpg
417,2602.0,monitor_images/2602/img4.jpg
418,2602.0,monitor_images/2602/img5.jpg
419,2603.0,monitor_images/2603/img1.jpg
420,2603.0,monitor_images/2603/img2.jpg
421,2603.0,monitor_images/2603/img3.jpg
422,2603.0,monitor_images/2603/img4.jpg
423,2604.0,monitor_images/2604/img1.jpg
424,2604.0,monitor_images/2604/img2.jpg
425,2605.0,monitor_images/2605/img1.jpg
426,2606.0,monitor_images/2606/img1.jpg
427,2606.0,monitor_images/2606/img2.jpg
428,2606.0,monitor_images/2606/img3.jpg
429,2606.0,monitor_images/2606/img4.jpg
430,2606.0,monitor_images/2606/img5.jpg
431,2607.0,monitor_images/2607/img1.jpg
432,2607.0,monitor_images/2607/img2.jpg
433,2607.0,monitor_images/2607/img3.jpg
434,2607.0,monitor_images/2607/img4.jpg
435,2607.0,monitor_images/2607/img5.jpg
436,2607.0,monitor_images/2607/img6.jpg
437,2608.0,monitor_images/2608/img1.jpg
438,2608.0,monitor_images/2608/img2.jpg
439,2608.0,monitor_images/2608/img3.jpg
440,2608.0,monitor_images/2608/img4.jpg
441,2608.0,monitor_images/2608/img5.jpg
442,2608.0,monitor_images/2608/img6.jpg
443,2609.0,monitor_images/2609/img1.jpg
444,2609.0,monitor_images/2609/img2.jpg
445,2609.0,monitor_images/2609/img3.jpg
446,2609.0,monitor_images/2609/img4.jpg
447,2609.0,monitor_images/2609/img5.jpg
448,2610.0,monitor_images/2610/img1.jpg
449,2610.0,monitor_images/2610/img2.jpg
450,2610.0,monitor_images/2610/img3.jpg
451,2610.0,monitor_images/2610/img4.jpg
452,2611.0,monitor_images/2611/img1.jpg
453,2611.0,monitor_images/2611/img2.jpg
454,2611.0,monitor_images/2611/img3.jpg
455,2612.0,monitor_images/2612/img1.jpg
456,2612.0,monitor_images/2612/img2.jpg
457,2612.0,monitor_images/2612/img3.jpg
458,2613.0,monitor_images/2613/img1.jpg
459,2613.0,monitor_images/2613/img2.jpg
460,2613.0,monitor_images/2613/img3.jpg
461,2613.0,monitor_images/2613/img4.jpg
462,2613.0,monitor_images/2613/img5.jpg
463,2614.0,monitor_images/2614/img1.jpg
464,2614.0,monitor_images/2614/img2.jpg
465,2614.0,monitor_images/2614/img3.jpg
466,2614.0,monitor_images/2614/img4.jpg
467,2614.0,monitor_images/2614/img5.jpg
468,2614.0,monitor_images/2614/img6.jpg
469,2615.0,monitor_images/2615/img1.jpg
470,2615.0,monitor_images/2615/img2.jpg
471,2615.0,monitor_images/2615/img3.jpg
472,2615.0,monitor_images/2615/img4.jpg
473,2616.0,monitor_images/2616/img1.jpg
474,2616.0,monitor_images/2616/img2.jpg
475,2616.0,monitor_images/2616/img3.jpg
476,2616.0,monitor_images/2616/img4.jpg
477,2616.0,monitor_images/2616/img5.jpg
478,2617.0,monitor_images/2617/img1.jpg
479,2617.0,monitor_images/2617/img2.jpg
480,2617.0,monitor_images/2617/img3.jpg
481,2617.0,monitor_images/2617/img4.jpg
482,2617.0,monitor_images/2617/img5.jpg
483,2617.0,monitor_images/2617/img6.jpg
484,2618.0,monitor_images/2618/img1.jpg
485,2618.0,monitor_images/2618/img2.jpg
486,2618.0,monitor_images/2618/img3.jpg
487,2618.0,monitor_images/2618/img4.jpg
488,2619.0,monitor_images/2619/img1.jpg
489,2619.0,monitor_images/2619/img2.jpg
490,2619.0,monitor_images/2619/img3.jpg
491,2619.0,monitor_images/2619/img4.jpg
492,2619.0,monitor_images/2619/img5.jpg
493,2619.0,monitor_images/2619/img6.jpg
494,2620.0,monitor_images/2620/img1.jpg
495,2620.0,monitor_images/2620/img2.jpg
496,2620.0,monitor_images/2620/img3.jpg
497,2620.0,monitor_images/2620/img4.jpg
498,2620.0,monitor_images/2620/img5.jpg
499,2621.0,monitor_images/2621/img1.jpg
500,2621.0,monitor_images/2621/img2.jpg
501,2621.0,monitor_images/2621/img3.jpg
502,2621.0,monitor_images/2621/img4.jpg
503,2621.0,monitor_images/2621/img5.jpg
504,2622.0,monitor_images/2622/img1.jpg
505,2622.0,monitor_images/2622/img2.jpg
506,2622.0,monitor_images/2622/img3.jpg
507,2622.0,monitor_images/2622/img4.jpg
508,2622.0,monitor_images/2622/img5.jpg
509,2623.0,monitor_images/2623/img1.jpg
510,2623.0,monitor_images/2623/img2.jpg
511,2623.0,monitor_images/2623/img3.jpg
512,2623.0,monitor_images/2623/img4.jpg
513,2624.0,monitor_images/2624/img1.jpg
514,2624.0,monitor_images/2624/img2.jpg
515,2624.0,monitor_images/2624/img3.jpg
516,2624.0,monitor_images/2624/img4.jpg
517,2624.0,monitor_images/2624/img5.jpg
518,2624.0,monitor_images/2624/img6.jpg
519,2624.0,monitor_images/2624/img7.jpg
520,2625.0,monitor_images/2625/img1.jpg
521,2625.0,monitor_images/2625/img2.jpg
522,2625.0,monitor_images/2625/img3.jpg
523,2626.0,monitor_images/2626/img1.jpg
524,2627.0,monitor_images/2627/img1.jpg
525,2628.0,monitor_images/2628/img1.jpg
526,2628.0,monitor_images/2628/img2.jpg
527,2628.0,monitor_images/2628/img3.jpg
528,2628.0,monitor_images/2628/img4.jpg
529,2629.0,monitor_images/2629/img1.jpg
530,2629.0,monitor_images/2629/img2.jpg
531,2629.0,monitor_images/2629/img3.jpg
532,2629.0,monitor_images/2629/img4.jpg
533,2630.0,monitor_images/2630/img1.jpg
534,2630.0,monitor_images/2630/img2.jpg
535,2630.0,monitor_images/2630/img3.jpg
536,2630.0,monitor_images/2630/img4.jpg
537,2630.0,monitor_images/2630/img5.jpg
538,2631.0,monitor_images/2631/img1.jpg
539,2631.0,monitor_images/2631/img2.jpg
540,2631.0,monitor_images/2631/img3.jpg
541,2631.0,monitor_images/2631/img4.jpg
542,2631.0,monitor_images/2631/img5.jpg
543,2632.0,monitor_images/2632/img1.jpg
544,2632.0,monitor_images/2632/img2.jpg
545,2632.0,monitor_images/2632/img3.jpg
546,2632.0,monitor_images/2632/img4.jpg
547,2633.0,monitor_images/2633/img1.jpg
548,2633.0,monitor_images/2633/img2.jpg
549,2633.0,monitor_images/2633/img3.jpg
550,2634.0,monitor_images/2634/img1.jpg
551,2634.0,monitor_images/2634/img2.jpg
552,2634.0,monitor_images/2634/img3.jpg
553,2634.0,monitor_images/2634/img4.jpg
554,2635.0,monitor_images/2635/img1.jpg
555,2636.0,monitor_images/2636/img1.jpg
556,2636.0,monitor_images/2636/img2.jpg
557,2636.0,monitor_images/2636/img3.jpg
558,2636.0,monitor_images/2636/img4.jpg
559,2637.0,monitor_images/2637/img1.jpg
560,2637.0,monitor_images/2637/img2.jpg
561,2637.0,monitor_images/2637/img3.jpg
562,2638.0,monitor_images/2638/img1.jpg
563,2638.0,monitor_images/2638/img2.jpg
564,2638.0,monitor_images/2638/img3.jpg
565,2639.0,monitor_images/2639/img1.jpg
566,2639.0,monitor_images/2639/img2.jpg
567,2639.0,monitor_images/2639/img3.jpg
568,2640.0,monitor_images/2640/img1.jpg
569,2640.0,monitor_images/2640/img2.jpg
570,2640.0,monitor_images/2640/img3.jpg
571,2641.0,monitor_images/2641/img1.jpg
572,2641.0,monitor_images/2641/img2.jpg
573,2641.0,monitor_images/2641/img3.jpg
574,2641.0,monitor_images/2641/img4.jpg
575,2641.0,monitor_images/2641/img5.jpg
576,2642.0,monitor_images/2642/img1.jpg
577,2642.0,monitor_images/2642/img2.jpg
578,2642.0,monitor_images/2642/img3.jpg
579,2642.0,monitor_images/2642/img4.jpg
580,2643.0,monitor_images/2643/img1.jpg
581,2643.0,monitor_images/2643/img2.jpg
582,2644.0,monitor_images/2644/img1.jpg
583,2644.0,monitor_images/2644/img2.jpg
584,2644.0,monitor_images/2644/img3.jpg
585,2644.0,monitor_images/2644/img4.jpg
586,2645.0,monitor_images/2645/img1.jpg
587,2645.0,monitor_images/2645/img2.jpg
588,2645.0,monitor_images/2645/img3.jpg
589,2646.0,monitor_images/2646/img1.jpg
590,2646.0,monitor_images/2646/img2.jpg
591,2647.0,monitor_images/2647/img1.jpg
592,2647.0,monitor_images/2647/img2.jpg
593,2647.0,monitor_images/2647/img3.jpg
594,2647.0,monitor_images/2647/img4.jpg
595,2647.0,monitor_images/2647/img5.jpg
596,2647.0,monitor_images/2647/img6.jpg
597,2647.0,monitor_images/2647/img7.jpg
598,2648.0,monitor_images/2648/img1.jpg
599,2648.0,monitor_images/2648/img2.jpg
600,2648.0,monitor_images/2648/img3.jpg
601,2648.0,monitor_images/2648/img4.jpg
602,2648.0,monitor_images/2648/img5.jpg
603,2648.0,monitor_images/2648/img6.jpg
604,2648.0,monitor_images/2648/img7.jpg
605,2649.0,monitor_images/2649/img1.jpg
606,2649.0,monitor_images/2649/img2.jpg
607,2649.0,monitor_images/2649/img3.jpg
608,2649.0,monitor_images/2649/img4.jpg
609,2649.0,monitor_images/2649/img5.jpg
610,2649.0,monitor_images/2649/img6.jpg
611,2650.0,monitor_images/2650/img1.jpg
612,2650.0,monitor_images/2650/img2.jpg
613,2650.0,monitor_images/2650/img3.jpg
614,2650.0,monitor_images/2650/img4.jpg
615,2650.0,monitor_images/2650/img5.jpg
616,2651.0,monitor_images/2651/img1.jpg
617,2651.0,monitor_images/2651/img2.jpg
618,2651.0,monitor_images/2651/img3.jpg
619,2651.0,monitor_images/2651/img4.jpg
620,2651.0,monitor_images/2651/img5.jpg
621,2652.0,monitor_images/2652/img1.jpg
622,2652.0,monitor_images/2652/img2.jpg
623,2652.0,monitor_images/2652/img3.jpg
624,2652.0,monitor_images/2652/img4.jpg
625,2652.0,monitor_images/2652/img5.jpg
626,2653.0,monitor_images/2653/img1.jpg
627,2653.0,monitor_images/2653/img2.jpg
628,2653.0,monitor_images/2653/img3.jpg
629,2653.0,monitor_images/2653/img4.jpg
630,2653.0,monitor_images/2653/img5.jpg
631,2653.0,monitor_images/2653/img6.jpg
632,2654.0,monitor_images/2654/img1.jpg
633,2654.0,monitor_images/2654/img2.jpg
634,2654.0,monitor_images/2654/img3.jpg
635,2654.0,monitor_images/2654/img4.jpg
636,2654.0,monitor_images/2654/img5.jpg
637,2654.0,monitor_images/2654/img6.jpg
638,2654.0,monitor_images/2654/img7.jpg
639,2655.0,monitor_images/2655/img1.jpg
640,2655.0,monitor_images/2655/img2.jpg
641,2655.0,monitor_images/2655/img3.jpg
642,2655.0,monitor_images/2655/img4.jpg
643,2656.0,monitor_images/2656/img1.jpg
644,2656.0,monitor_images/2656/img2.jpg
645,2656.0,monitor_images/2656/img3.jpg
646,2656.0,monitor_images/2656/img4.jpg
647,2656.0,monitor_images/2656/img5.jpg
648,2656.0,monitor_images/2656/img6.jpg
649,2657.0,monitor_images/2657/img1.jpg
650,2657.0,monitor_images/2657/img2.jpg
651,2657.0,monitor_images/2657/img3.jpg
652,2657.0,monitor_images/2657/img4.jpg
653,2657.0,monitor_images/2657/img5.jpg
654,2658.0,monitor_images/2658/img1.jpg
655,2658.0,monitor_images/2658/img2.jpg
656,2658.0,monitor_images/2658/img3.jpg
657,2658.0,monitor_images/2658/img4.jpg
658,2659.0,monitor_images/2659/img1.jpg
659,2659.0,monitor_images/2659/img2.jpg
660,2659.0,monitor_images/2659/img3.jpg
661,2659.0,monitor_images/2659/img4.jpg
662,2659.0,monitor_images/2659/img5.jpg
663,2660.0,monitor_images/2660/img1.jpg
664,2660.0,monitor_images/2660/img2.jpg
665,2660.0,monitor_images/2660/img3.jpg
666,2661.0,monitor_images/2661/img1.jpg
667,2661.0,monitor_images/2661/img2.jpg
668,2661.0,monitor_images/2661/img3.jpg
669,2661.0,monitor_images/2661/img4.jpg
670,2661.0,monitor_images/2661/img5.jpg
671,2662.0,monitor_images/2662/img1.jpg
672,2662.0,monitor_images/2662/img2.jpg
673,2662.0,monitor_images/2662/img3.jpg
674,2663.0,monitor_images/2663/img1.jpg
675,2663.0,monitor_images/2663/img2.jpg
676,2663.0,monitor_images/2663/img3.jpg
677,2664.0,monitor_images/2664/img1.jpg
678,2664.0,monitor_images/2664/img2.jpg
679,2664.0,monitor_images/2664/img3.jpg
680,2664.0,monitor_images/2664/img4.jpg
681,2665.0,monitor_images/2665/img1.jpg
682,2665.0,monitor_images/2665/img2.jpg
683,2665.0,monitor_images/2665/img3.jpg
684,2665.0,monitor_images/2665/img4.jpg
685,2666.0,monitor_images/2666/img1.jpg
686,2666.0,monitor_images/2666/img2.jpg
687,2666.0,monitor_images/2666/img3.jpg
688,2667.0,monitor_images/2667/img1.jpg
689,2667.0,monitor_images/2667/img2.jpg
690,2667.0,monitor_images/2667/img3.jpg
691,2667.0,monitor_images/2667/img4.jpg
692,2668.0,monitor_images/2668/img1.jpg
693,2668.0,monitor_images/2668/img2.jpg
694,2668.0,monitor_images/2668/img3.jpg
695,2669.0,monitor_images/2669/img1.jpg
696,2669.0,monitor_images/2669/img2.jpg
697,2670.0,monitor_images/2670/img1.jpg
698,2670.0,monitor_images/2670/img2.jpg
699,2670.0,monitor_images/2670/img3.jpg
700,2670.0,monitor_images/2670/img4.jpg
701,2671.0,monitor_images/2671/img1.jpg
702,2671.0,monitor_images/2671/img2.jpg
703,2671.0,monitor_images/2671/img3.jpg
704,2671.0,monitor_images/2671/img4.jpg
705,2671.0,monitor_images/2671/img5.jpg
706,2671.0,monitor_images/2671/img6.jpg
707,2672.0,monitor_images/2672/img1.jpg
708,2672.0,monitor_images/2672/img2.jpg
709,2672.0,monitor_images/2672/img3.jpg
710,2673.0,monitor_images/2673/img1.jpg
711,2673.0,monitor_images/2673/img2.jpg
712,2673.0,monitor_images/2673/img3.jpg
713,2673.0,monitor_images/2673/img4.jpg
714,2673.0,monitor_images/2673/img5.jpg
715,2674.0,monitor_images/2674/img1.jpg
716,2674.0,monitor_images/2674/img2.jpg
717,2674.0,monitor_images/2674/img3.jpg
718,2674.0,monitor_images/2674/img4.jpg
719,2675.0,monitor_images/2675/img1.jpg
720,2675.0,monitor_images/2675/img2.jpg
721,2675.0,monitor_images/2675/img3.jpg
722,2675.0,monitor_images/2675/img4.jpg
723,2675.0,monitor_images/2675/img5.jpg
724,2675.0,monitor_images/2675/img6.jpg
725,2676.0,monitor_images/2676/img1.jpg
726,2677.0,monitor_images/2677/img1.jpg
727,2678.0,monitor_images/2678/img1.jpg
728,2678.0,monitor_images/2678/img2.jpg
729,2678.0,monitor_images/2678/img3.jpg
730,2678.0,monitor_images/2678/img4.jpg
731,2678.0,monitor_images/2678/img5.jpg
732,2678.0,monitor_images/2678/img6.jpg
733,2679.0,monitor_images/2679/img1.jpg
734,2679.0,monitor_images/2679/img2.jpg
735,2679.0,monitor_images/2679/img3.jpg
736,2679.0,monitor_images/2679/img4.jpg
737,2680.0,monitor_images/2680/img1.jpg
738,2680.0,monitor_images/2680/img2.jpg
739,2680.0,monitor_images/2680/img3.jpg
740,2681.0,monitor_images/2681/img1.jpg
741,2681.0,monitor_images/2681/img2.jpg
742,2681.0,monitor_images/2681/img3.jpg
743,2681.0,monitor_images/2681/img4.jpg
744,2682.0,monitor_images/2682/img1.jpg
745,2682.0,monitor_images/2682/img2.jpg
746,2682.0,monitor_images/2682/img3.jpg
747,2682.0,monitor_images/2682/img4.jpg
748,2683.0,monitor_images/2683/img1.jpg
749,2684.0,monitor_images/2684/img1.jpg
750,2684.0,monitor_images/2684/img2.jpg
751,2684.0,monitor_images/2684/img3.jpg
752,2685.0,monitor_images/2685/img1.jpg
753,2685.0,monitor_images/2685/img2.jpg
754,2685.0,monitor_images/2685/img3.jpg
755,2685.0,monitor_images/2685/img4.jpg
756,2686.0,monitor_images/2686/img1.jpg
757,2687.0,monitor_images/2687/img1.jpg
758,2687.0,monitor_images/2687/img2.jpg
759,2687.0,monitor_images/2687/img3.jpg
760,2687.0,monitor_images/2687/img4.jpg
761,2687.0,monitor_images/2687/img5.jpg
762,2687.0,monitor_images/2687/img6.jpg
763,2688.0,monitor_images/2688/img1.jpg
764,2688.0,monitor_images/2688/img2.jpg
765,2688.0,monitor_images/2688/img3.jpg
766,2688.0,monitor_images/2688/img4.jpg
767,2689.0,monitor_images/2689/img1.jpg
768,2689.0,monitor_images/2689/img2.jpg
769,2689.0,monitor_images/2689/img3.jpg
770,2689.0,monitor_images/2689/img4.jpg
771,2690.0,monitor_images/2690/img1.jpg
772,2691.0,monitor_images/2691/img1.jpg
773,2691.0,monitor_images/2691/img2.jpg
774,2691.0,monitor_images/2691/img3.jpg
775,2691.0,monitor_images/2691/img4.jpg
776,2692.0,monitor_images/2692/img1.jpg
777,2692.0,monitor_images/2692/img2.jpg
778,2692.0,monitor_images/2692/img3.jpg
779,2693.0,monitor_images/2693/img1.jpg
780,2693.0,monitor_images/2693/img2.jpg
781,2693.0,monitor_images/2693/img3.jpg
782,2693.0,monitor_images/2693/img4.jpg
783,2694.0,monitor_images/2694/img1.jpg
784,2694.0,monitor_images/2694/img2.jpg
785,2694.0,monitor_images/2694/img3.jpg
786,2694.0,monitor_images/2694/img4.jpg
787,2695.0,monitor_images/2695/img1.jpg
788,2695.0,monitor_images/2695/img2.jpg
789,2695.0,monitor_images/2695/img3.jpg
790,2695.0,monitor_images/2695/img4.jpg
791,2695.0,monitor_images/2695/img5.jpg
792,2696.0,monitor_images/2696/img1.jpg
793,2696.0,monitor_images/2696/img2.jpg
794,2696.0,monitor_images/2696/img3.jpg
795,2696.0,monitor_images/2696/img4.jpg
796,2696.0,monitor_images/2696/img5.jpg
797,2697.0,monitor_images/2697/img1.jpg
798,2697.0,monitor_images/2697/img2.jpg
799,2697.0,monitor_images/2697/img3.jpg
800,2697.0,monitor_images/2697/img4.jpg
801,2698.0,monitor_images/2698/img1.jpg
802,2698.0,monitor_images/2698/img2.jpg
803,2698.0,monitor_images/2698/img3.jpg
804,2698.0,monitor_images/2698/img4.jpg
805,2698.0,monitor_images/2698/img5.jpg
806,2698.0,monitor_images/2698/img6.jpg
807,2699.0,monitor_images/2699/img1.jpg
808,2700.0,monitor_images/2700/img1.jpg
809,2701.0,monitor_images/2701/img1.jpg
810,2702.0,monitor_images/2702/img1.jpg
811,2702.0,monitor_images/2702/img2.jpg
812,2702.0,monitor_images/2702/img3.jpg
813,2702.0,monitor_images/2702/img4.jpg
814,2703.0,monitor_images/2703/img1.jpg
815,2703.0,monitor_images/2703/img2.jpg
816,2703.0,monitor_images/2703/img3.jpg
817,2704.0,monitor_images/2704/img1.jpg
818,2704.0,monitor_images/2704/img2.jpg
819,2704.0,monitor_images/2704/img3.jpg
820,2704.0,monitor_images/2704/img4.jpg
821,2705.0,monitor_images/2705/img1.jpg
822,2705.0,monitor_images/2705/img2.jpg
823,2705.0,monitor_images/2705/img3.jpg
824,2705.0,monitor_images/2705/img4.jpg
825,2705.0,monitor_images/2705/img5.jpg
826,2706.0,monitor_images/2706/img1.jpg
827,2707.0,monitor_images/2707/img1.jpg
828,2707.0,monitor_images/2707/img2.jpg
829,2707.0,monitor_images/2707/img3.jpg
830,2707.0,monitor_images/2707/img4.jpg
831,2708.0,monitor_images/2708/img1.jpg
832,2708.0,monitor_images/2708/img2.jpg
833,2709.0,monitor_images/2709/img1.jpg
834,2709.0,monitor_images/2709/img2.jpg
835,2709.0,monitor_images/2709/img3.jpg
836,2709.0,monitor_images/2709/img4.jpg
837,2710.0,monitor_images/2710/img1.jpg
838,2710.0,monitor_images/2710/img2.jpg
839,2710.0,monitor_images/2710/img3.jpg
840,2710.0,monitor_images/2710/img4.jpg
841,2711.0,monitor_images/2711/img1.jpg
842,2711.0,monitor_images/2711/img2.jpg
843,2711.0,monitor_images/2711/img3.jpg
844,2711.0,monitor_images/2711/img4.jpg
845,2711.0,monitor_images/2711/img5.jpg
846,2712.0,monitor_images/2712/img1.jpg
847,2712.0,monitor_images/2712/img2.jpg
848,2712.0,monitor_images/2712/img3.jpg
849,2712.0,monitor_images/2712/img4.jpg
850,2713.0,monitor_images/2713/img1.jpg
851,2713.0,monitor_images/2713/img2.jpg
852,2713.0,monitor_images/2713/img3.jpg
853,2713.0,monitor_images/2713/img4.jpg
854,2714.0,monitor_images/2714/img1.jpg
855,2714.0,monitor_images/2714/img2.jpg
856,2714.0,monitor_images/2714/img3.jpg
857,2714.0,monitor_images/2714/img4.jpg
858,2715.0,monitor_images/2715/img1.jpg
859,2715.0,monitor_images/2715/img2.jpg
860,2715.0,monitor_images/2715/img3.jpg
861,2716.0,monitor_images/2716/img1.jpg
862,2716.0,monitor_images/2716/img2.jpg
863,2717.0,monitor_images/2717/img1.jpg
864,2717.0,monitor_images/2717/img2.jpg
865,2717.0,monitor_images/2717/img3.jpg
866,2718.0,monitor_images/2718/img1.jpg
867,2718.0,monitor_images/2718/img2.jpg
868,2718.0,monitor_images/2718/img3.jpg
869,2718.0,monitor_images/2718/img4.jpg
870,2718.0,monitor_images/2718/img5.jpg
871,2719.0,monitor_images/2719/img1.jpg
872,2719.0,monitor_images/2719/img2.jpg
873,2719.0,monitor_images/2719/img3.jpg
874,2720.0,monitor_images/2720/img1.jpg
875,2720.0,monitor_images/2720/img2.jpg
876,2720.0,monitor_images/2720/img3.jpg
877,2721.0,monitor_images/2721/img1.jpg
878,2721.0,monitor_images/2721/img2.jpg
879,2721.0,monitor_images/2721/img3.jpg
880,2722.0,monitor_images/2722/img1.jpg
881,2722.0,monitor_images/2722/img2.jpg
882,2722.0,monitor_images/2722/img3.jpg
883,2723.0,monitor_images/2723/img1.jpg
884,2723.0,monitor_images/2723/img2.jpg
885,2724.0,monitor_images/2724/img1.jpg
886,2724.0,monitor_images/2724/img2.jpg
887,2724.0,monitor_images/2724/img3.jpg
888,2724.0,monitor_images/2724/img4.jpg
889,2724.0,monitor_images/2724/img5.jpg
890,2724.0,monitor_images/2724/img6.jpg
891,2725.0,monitor_images/2725/img1.jpg
892,2725.0,monitor_images/2725/img2.jpg
893,2725.0,monitor_images/2725/img3.jpg
894,2725.0,monitor_images/2725/img4.jpg
895,2725.0,monitor_images/2725/img5.jpg
896,2725.0,monitor_images/2725/img6.jpg
897,2726.0,monitor_images/2726/img1.jpg
898,2726.0,monitor_images/2726/img2.jpg
899,2726.0,monitor_images/2726/img3.jpg
900,2726.0,monitor_images/2726/img4.jpg
901,2727.0,monitor_images/2727/img1.jpg
902,2727.0,monitor_images/2727/img2.jpg
903,2727.0,monitor_images/2727/img3.jpg
904,2728.0,monitor_images/2728/img1.jpg
905,2728.0,monitor_images/2728/img2.jpg
906,2728.0,monitor_images/2728/img3.jpg
907,2728.0,monitor_images/2728/img4.jpg
908,2729.0,monitor_images/2729/img1.jpg
909,2729.0,monitor_images/2729/img2.jpg
910,2729.0,monitor_images/2729/img3.jpg
911,2729.0,monitor_images/2729/img4.jpg
912,2730.0,monitor_images/2730/img1.jpg
913,2730.0,monitor_images/2730/img2.jpg
914,2730.0,monitor_images/2730/img3.jpg
915,2730.0,monitor_images/2730/img4.jpg
916,2731.0,monitor_images/2731/img1.jpg
917,2731.0,monitor_images/2731/img2.jpg
918,2731.0,monitor_images/2731/img3.jpg
919,2731.0,monitor_images/2731/img4.jpg
920,2732.0,monitor_images/2732/img1.jpg
921,2732.0,monitor_images/2732/img2.jpg
922,2732.0,monitor_images/2732/img3.jpg
923,2732.0,monitor_images/2732/img4.jpg
924,2733.0,monitor_images/2733/img1.jpg
925,2734.0,monitor_images/2734/img1.jpg
926,2735.0,monitor_images/2735/img1.jpg
927,2735.0,monitor_images/2735/img2.jpg
928,2735.0,monitor_images/2735/img3.jpg
929,2735.0,monitor_images/2735/img4.jpg
930,2736.0,monitor_images/2736/img1.jpg
931,2736.0,monitor_images/2736/img2.jpg
932,2736.0,monitor_images/2736/img3.jpg
933,2737.0,monitor_images/2737/img1.jpg
934,2737.0,monitor_images/2737/img2.jpg
935,2737.0,monitor_images/2737/img3.jpg
936,2738.0,monitor_images/2738/img1.jpg
937,2738.0,monitor_images/2738/img2.jpg
938,2738.0,monitor_images/2738/img3.jpg
939,2738.0,monitor_images/2738/img4.jpg
940,2739.0,monitor_images/2739/img1.jpg
941,2739.0,monitor_images/2739/img2.jpg
942,2739.0,monitor_images/2739/img3.jpg
943,2740.0,monitor_images/2740/img1.jpg
944,2740.0,monitor_images/2740/img2.jpg
945,2740.0,monitor_images/2740/img3.jpg
946,2740.0,monitor_images/2740/img4.jpg
947,2741.0,monitor_images/2741/img1.jpg
948,2741.0,monitor_images/2741/img2.jpg
949,2741.0,monitor_images/2741/img3.jpg
950,2741.0,monitor_images/2741/img4.jpg
951,2741.0,monitor_images/2741/img5.jpg
952,2741.0,monitor_images/2741/img6.jpg
953,2742.0,monitor_images/2742/img1.jpg
954,2742.0,monitor_images/2742/img2.jpg
955,2742.0,monitor_images/2742/img3.jpg
956,2742.0,monitor_images/2742/img4.jpg
957,2743.0,monitor_images/2743/img1.jpg
958,2743.0,monitor_images/2743/img2.jpg
959,2743.0,monitor_images/2743/img3.jpg
960,2743.0,monitor_images/2743/img4.jpg
961,2744.0,monitor_images/2744/img1.jpg
962,2744.0,monitor_images/2744/img2.jpg
963,2744.0,monitor_images/2744/img3.jpg
964,2744.0,monitor_images/2744/img4.jpg
965,2745.0,monitor_images/2745/img1.jpg
966,2745.0,monitor_images/2745/img2.jpg
967,2746.0,monitor_images/2746/img1.jpg
968,2746.0,monitor_images/2746/img2.jpg
969,2746.0,monitor_images/2746/img3.jpg
970,2747.0,monitor_images/2747/img1.jpg
971,2748.0,monitor_images/2748/img1.jpg
972,2748.0,monitor_images/2748/img2.jpg
973,2748.0,monitor_images/2748/img3.jpg
974,2748.0,monitor_images/2748/img4.jpg
975,2749.0,monitor_images/2749/img1.jpg
976,2749.0,monitor_images/2749/img2.jpg
977,2749.0,monitor_images/2749/img3.jpg
978,2749.0,monitor_images/2749/img4.jpg
979,2750.0,monitor_images/2750/img1.jpg
980,2750.0,monitor_images/2750/img2.jpg
981,2750.0,monitor_images/2750/img3.jpg
982,2751.0,monitor_images/2751/img1.jpg
983,2751.0,monitor_images/2751/img2.jpg
984,2751.0,monitor_images/2751/img3.jpg
985,2752.0,monitor_images/2752/img1.jpg
986,2752.0,monitor_images/2752/img2.jpg
987,2752.0,monitor_images/2752/img3.jpg
988,2753.0,monitor_images/2753/img1.jpg
989,2753.0,monitor_images/2753/img2.jpg
990,2753.0,monitor_images/2753/img3.jpg
991,2753.0,monitor_images/2753/img4.jpg
992,2754.0,monitor_images/2754/img1.jpg
993,2754.0,monitor_images/2754/img2.jpg
994,2754.0,monitor_images/2754/img3.jpg
995,2755.0,monitor_images/2755/img1.jpg
996,2755.0,monitor_images/2755/img2.jpg
997,2755.0,monitor_images/2755/img3.jpg
998,2755.0,monitor_images/2755/img4.jpg
999,2756.0,monitor_images/2756/img1.jpg
1000,2756.0,monitor_images/2756/img2.jpg
1001,2756.0,monitor_images/2756/img3.jpg
1002,2756.0,monitor_images/2756/img4.jpg
1003,2756.0,monitor_images/2756/img5.jpg
1004,2756.0,monitor_images/2756/img6.jpg
1005,2757.0,monitor_images/2757/img1.jpg
1006,2757.0,monitor_images/2757/img2.jpg
1007,2757.0,monitor_images/2757/img3.jpg
1008,2757.0,monitor_images/2757/img4.jpg
1009,2758.0,monitor_images/2758/img1.jpg
1010,2758.0,monitor_images/2758/img2.jpg
1011,2758.0,monitor_images/2758/img3.jpg
1012,2759.0,monitor_images/2759/img1.jpg
1013,2759.0,monitor_images/2759/img2.jpg
1014,2759.0,monitor_images/2759/img3.jpg
1015,2760.0,monitor_images/2760/img1.jpg
1016,2760.0,monitor_images/2760/img2.jpg
1017,2760.0,monitor_images/2760/img3.jpg
1018,2761.0,monitor_images/2761/img1.jpg
1019,2761.0,monitor_images/2761/img2.jpg
1020,2761.0,monitor_images/2761/img3.jpg
1021,2761.0,monitor_images/2761/img4.jpg
1022,2762.0,monitor_images/2762/img1.jpg
1023,2762.0,monitor_images/2762/img2.jpg
1024,2762.0,monitor_images/2762/img3.jpg
1025,2762.0,monitor_images/2762/img4.jpg
1026,2762.0,monitor_images/2762/img5.jpg
1027,2763.0,monitor_images/2763/img1.jpg
1028,2763.0,monitor_images/2763/img2.jpg
1029,2763.0,monitor_images/2763/img3.jpg
1030,2763.0,monitor_images/2763/img4.jpg
1031,2764.0,monitor_images/2764/img1.jpg
1032,2764.0,monitor_images/2764/img2.jpg
1033,2764.0,monitor_images/2764/img3.jpg
1034,2764.0,monitor_images/2764/img4.jpg
1035,2764.0,monitor_images/2764/img5.jpg
1036,2765.0,monitor_images/2765/img1.jpg
1037,2765.0,monitor_images/2765/img2.jpg
1038,2765.0,monitor_images/2765/img3.jpg
1039,2766.0,monitor_images/2766/img1.jpg
1040,2766.0,monitor_images/2766/img2.jpg
1041,2766.0,monitor_images/2766/img3.jpg
1042,2766.0,monitor_images/2766/img4.jpg
1043,2766.0,monitor_images/2766/img5.jpg
1044,2766.0,monitor_images/2766/img6.jpg
1045,2767.0,monitor_images/2767/img1.jpg
1046,2767.0,monitor_images/2767/img2.jpg
1047,2767.0,monitor_images/2767/img3.jpg
1048,2768.0,monitor_images/2768/img1.jpg
1049,2769.0,monitor_images/2769/img1.jpg
1050,2769.0,monitor_images/2769/img2.jpg
1051,2769.0,monitor_images/2769/img3.jpg
1052,2770.0,monitor_images/2770/img1.jpg
1053,2770.0,monitor_images/2770/img2.jpg
1054,2770.0,monitor_images/2770/img3.jpg
1055,2770.0,monitor_images/2770/img4.jpg
1056,2771.0,monitor_images/2771/img1.jpg
1057,2771.0,monitor_images/2771/img2.jpg
1058,2771.0,monitor_images/2771/img3.jpg
1059,2771.0,monitor_images/2771/img4.jpg
1060,2771.0,monitor_images/2771/img5.jpg
1061,2772.0,monitor_images/2772/img1.jpg
1062,2772.0,monitor_images/2772/img2.jpg
1063,2772.0,monitor_images/2772/img3.jpg
1064,2772.0,monitor_images/2772/img4.jpg
1065,2773.0,monitor_images/2773/img1.jpg
1066,2773.0,monitor_images/2773/img2.jpg
1067,2773.0,monitor_images/2773/img3.jpg
1068,2773.0,monitor_images/2773/img4.jpg
1069,2773.0,monitor_images/2773/img5.jpg
1070,2774.0,monitor_images/2774/img1.jpg
1071,2774.0,monitor_images/2774/img2.jpg
1072,2774.0,monitor_images/2774/img3.jpg
1073,2774.0,monitor_images/2774/img4.jpg
1074,2774.0,monitor_images/2774/img5.jpg
1075,2775.0,monitor_images/2775/img1.jpg
1076,2775.0,monitor_images/2775/img2.jpg
1077,2775.0,monitor_images/2775/img3.jpg
1078,2775.0,monitor_images/2775/img4.jpg
1079,2775.0,monitor_images/2775/img5.jpg
1080,2776.0,monitor_images/2776/img1.jpg
1081,2776.0,monitor_images/2776/img2.jpg
1082,2776.0,monitor_images/2776/img3.jpg
1083,2777.0,monitor_images/2777/img1.jpg
1084,2777.0,monitor_images/2777/img2.jpg
1085,2777.0,monitor_images/2777/img3.jpg
1086,2777.0,monitor_images/2777/img4.jpg
1087,2778.0,monitor_images/2778/img1.jpg
1088,2778.0,monitor_images/2778/img2.jpg
1089,2778.0,monitor_images/2778/img3.jpg
1090,2778.0,monitor_images/2778/img4.jpg
1091,2779.0,monitor_images/2779/img1.jpg
1092,2779.0,monitor_images/2779/img2.jpg
1093,2779.0,monitor_images/2779/img3.jpg
1094,2779.0,monitor_images/2779/img4.jpg
1095,2779.0,monitor_images/2779/img5.jpg
1096,2779.0,monitor_images/2779/img6.jpg
1097,2780.0,monitor_images/2780/img1.jpg
1098,2780.0,monitor_images/2780/img2.jpg
1099,2780.0,monitor_images/2780/img3.jpg
1100,2780.0,monitor_images/2780/img4.jpg
1101,2781.0,monitor_images/2781/img1.jpg
1102,2781.0,monitor_images/2781/img2.jpg
1103,2781.0,monitor_images/2781/img3.jpg
1104,2782.0,monitor_images/2782/img1.jpg
1105,2782.0,monitor_images/2782/img2.jpg
1106,2782.0,monitor_images/2782/img3.jpg
1107,2782.0,monitor_images/2782/img4.jpg
1108,2783.0,monitor_images/2783/img1.jpg
1109,2783.0,monitor_images/2783/img2.jpg
1110,2783.0,monitor_images/2783/img3.jpg
1111,2783.0,monitor_images/2783/img4.jpg
1112,2783.0,monitor_images/2783/img5.jpg
1113,2784.0,monitor_images/2784/img1.jpg
1114,2784.0,monitor_images/2784/img2.jpg
1115,2784.0,monitor_images/2784/img3.jpg
1116,2784.0,monitor_images/2784/img4.jpg
1117,2784.0,monitor_images/2784/img5.jpg
1118,2784.0,monitor_images/2784/img6.jpg
1119,2785.0,monitor_images/2785/img1.jpg
1120,2785.0,monitor_images/2785/img2.jpg
1121,2785.0,monitor_images/2785/img3.jpg
1122,2785.0,monitor_images/2785/img4.jpg
1123,2785.0,monitor_images/2785/img5.jpg
1124,2785.0,monitor_images/2785/img6.jpg
1125,2785.0,monitor_images/2785/img7.jpg
1126,2786.0,monitor_images/2786/img1.jpg
1127,2787.0,monitor_images/2787/img1.jpg
1128,2787.0,monitor_images/2787/img2.jpg
1129,2787.0,monitor_images/2787/img3.jpg
1130,2787.0,monitor_images/2787/img4.jpg
1131,2787.0,monitor_images/2787/img5.jpg
1132,2787.0,monitor_images/2787/img6.jpg
1133,2787.0,monitor_images/2787/img7.jpg
1134,2788.0,monitor_images/2788/img1.jpg
1135,2788.0,monitor_images/2788/img2.jpg
1136,2788.0,monitor_images/2788/img3.jpg
1137,2788.0,monitor_images/2788/img4.jpg
1138,2789.0,monitor_images/2789/img1.jpg
1139,2789.0,monitor_images/2789/img2.jpg
1140,2789.0,monitor_images/2789/img3.jpg
1141,2789.0,monitor_images/2789/img4.jpg
1142,2789.0,monitor_images/2789/img5.jpg
1143,2790.0,monitor_images/2790/img1.jpg
1144,2790.0,monitor_images/2790/img2.jpg
1145,2790.0,monitor_images/2790/img3.jpg
1146,2790.0,monitor_images/2790/img4.jpg
1147,2791.0,monitor_images/2791/img1.jpg
1148,2791.0,monitor_images/2791/img2.jpg
1149,2791.0,monitor_images/2791/img3.jpg
1150,2791.0,monitor_images/2791/img4.jpg
1151,2792.0,monitor_images/2792/img1.jpg
1152,2792.0,monitor_images/2792/img2.jpg
1153,2792.0,monitor_images/2792/img3.jpg
1154,2792.0,monitor_images/2792/img4.jpg
1155,2793.0,monitor_images/2793/img1.jpg
1156,2793.0,monitor_images/2793/img2.jpg
1157,2793.0,monitor_images/2793/img3.jpg
1158,2793.0,monitor_images/2793/img4.jpg
1159,2794.0,monitor_images/2794/img1.jpg
1160,2794.0,monitor_images/2794/img2.jpg
1161,2795.0,monitor_images/2795/img1.jpg
1162,2795.0,monitor_images/2795/img2.jpg
1163,2795.0,monitor_images/2795/img3.jpg
1164,2795.0,monitor_images/2795/img4.jpg
1165,2796.0,monitor_images/2796/img1.jpg
1166,2797.0,monitor_images/2797/img1.jpg
1167,2797.0,monitor_images/2797/img2.jpg
1168,2797.0,monitor_images/2797/img3.jpg
1169,2797.0,monitor_images/2797/img4.jpg
1170,2798.0,monitor_images/2798/img1.jpg
1171,2798.0,monitor_images/2798/img2.jpg
1172,2798.0,monitor_images/2798/img3.jpg
1173,2798.0,monitor_images/2798/img4.jpg
1174,2798.0,monitor_images/2798/img5.jpg
1175,2798.0,monitor_images/2798/img6.jpg
1176,2799.0,monitor_images/2799/img1.jpg
1177,2799.0,monitor_images/2799/img2.jpg
1178,2799.0,monitor_images/2799/img3.jpg
1179,2799.0,monitor_images/2799/img4.jpg
1180,2799.0,monitor_images/2799/img5.jpg
1181,2800.0,monitor_images/2800/img1.jpg
1182,2800.0,monitor_images/2800/img2.jpg
1183,2801.0,monitor_images/2801/img1.jpg
1184,2801.0,monitor_images/2801/img2.jpg
1185,2801.0,monitor_images/2801/img3.jpg
1186,2801.0,monitor_images/2801/img4.jpg
1187,2802.0,monitor_images/2802/img1.jpg
1188,2802.0,monitor_images/2802/img2.jpg
1189,2802.0,monitor_images/2802/img3.jpg
1190,2802.0,monitor_images/2802/img4.jpg
1191,2803.0,monitor_images/2803/img1.jpg
1192,2803.0,monitor_images/2803/img2.jpg
1193,2803.0,monitor_images/2803/img3.jpg
1194,2803.0,monitor_images/2803/img4.jpg
1195,2803.0,monitor_images/2803/img5.jpg
1196,2803.0,monitor_images/2803/img6.jpg
1197,2803.0,monitor_images/2803/img7.jpg
1198,2804.0,monitor_images/2804/img1.jpg
1199,2804.0,monitor_images/2804/img2.jpg
1200,2804.0,monitor_images/2804/img3.jpg
1201,2805.0,monitor_images/2805/img1.jpg
1202,2805.0,monitor_images/2805/img2.jpg
1203,2805.0,monitor_images/2805/img3.jpg
1204,2805.0,monitor_images/2805/img4.jpg
1205,2806.0,monitor_images/2806/img1.jpg
1206,2806.0,monitor_images/2806/img2.jpg
1207,2806.0,monitor_images/2806/img3.jpg
1208,2806.0,monitor_images/2806/img4.jpg
1209,2807.0,monitor_images/2807/img1.jpg
1210,2807.0,monitor_images/2807/img2.jpg
1211,2807.0,monitor_images/2807/img3.jpg
1212,2807.0,monitor_images/2807/img4.jpg
1213,2807.0,monitor_images/2807/img5.jpg
1214,2808.0,monitor_images/2808/img1.jpg
1215,2808.0,monitor_images/2808/img2.jpg
1216,2808.0,monitor_images/2808/img3.jpg
1217,2808.0,monitor_images/2808/img4.jpg
1218,2808.0,monitor_images/2808/img5.jpg
1219,2809.0,monitor_images/2809/img1.jpg
1220,2809.0,monitor_images/2809/img2.jpg
1221,2809.0,monitor_images/2809/img3.jpg
1222,2809.0,monitor_images/2809/img4.jpg
1223,2810.0,monitor_images/2810/img1.jpg
1224,2810.0,monitor_images/2810/img2.jpg
1225,2810.0,monitor_images/2810/img3.jpg
1226,2810.0,monitor_images/2810/img4.jpg
1227,2811.0,monitor_images/2811/img1.jpg
1228,2811.0,monitor_images/2811/img2.jpg
1229,2811.0,monitor_images/2811/img3.jpg
1230,2811.0,monitor_images/2811/img4.jpg
1231,2811.0,monitor_images/2811/img5.jpg
1232,2812.0,monitor_images/2812/img1.jpg
1233,2812.0,monitor_images/2812/img2.jpg
1234,2812.0,monitor_images/2812/img3.jpg
1235,2813.0,monitor_images/2813/img1.jpg
1236,2813.0,monitor_images/2813/img2.jpg
1237,2814.0,monitor_images/2814/img1.jpg
1238,2814.0,monitor_images/2814/img2.jpg
1239,2814.0,monitor_images/2814/img3.jpg
1240,2814.0,monitor_images/2814/img4.jpg
1241,2815.0,monitor_images/2815/img1.jpg
1242,2815.0,monitor_images/2815/img2.jpg
1243,2815.0,monitor_images/2815/img3.jpg
1244,2815.0,monitor_images/2815/img4.jpg
1245,2816.0,monitor_images/2816/img1.jpg
1246,2816.0,monitor_images/2816/img2.jpg
1247,2816.0,monitor_images/2816/img3.jpg
1248,2816.0,monitor_images/2816/img4.jpg
1249,2816.0,monitor_images/2816/img5.jpg
1250,2817.0,monitor_images/2817/img1.jpg
1251,2817.0,monitor_images/2817/img2.jpg
1252,2817.0,monitor_images/2817/img3.jpg
1253,2817.0,monitor_images/2817/img4.jpg
1254,2818.0,monitor_images/2818/img1.jpg
1255,2818.0,monitor_images/2818/img2.jpg
1256,2818.0,monitor_images/2818/img3.jpg
1257,2819.0,monitor_images/2819/img1.jpg
1258,2819.0,monitor_images/2819/img2.jpg
1259,2819.0,monitor_images/2819/img3.jpg
1260,2819.0,monitor_images/2819/img4.jpg
1261,2820.0,monitor_images/2820/img1.jpg
1262,2820.0,monitor_images/2820/img2.jpg
1263,2820.0,monitor_images/2820/img3.jpg
1264,2820.0,monitor_images/2820/img4.jpg
1265,2820.0,monitor_images/2820/img5.jpg
1266,2821.0,monitor_images/2821/img1.jpg
1267,2821.0,monitor_images/2821/img2.jpg
1268,2821.0,monitor_images/2821/img3.jpg
1269,2821.0,monitor_images/2821/img4.jpg
1270,2821.0,monitor_images/2821/img5.jpg
1271,2822.0,monitor_images/2822/img1.jpg
1272,2822.0,monitor_images/2822/img2.jpg
1273,2822.0,monitor_images/2822/img3.jpg
1274,2822.0,monitor_images/2822/img4.jpg
1275,2823.0,monitor_images/2823/img1.jpg
1276,2823.0,monitor_images/2823/img2.jpg
1277,2823.0,monitor_images/2823/img3.jpg
1278,2823.0,monitor_images/2823/img4.jpg
1279,2824.0,monitor_images/2824/img1.jpg
1280,2824.0,monitor_images/2824/img2.jpg
1281,2824.0,monitor_images/2824/img3.jpg
1282,2824.0,monitor_images/2824/img4.jpg
1283,2825.0,monitor_images/2825/img1.jpg
1284,2825.0,monitor_images/2825/img2.jpg
1285,2825.0,monitor_images/2825/img3.jpg
1286,2825.0,monitor_images/2825/img4.jpg
1287,2825.0,monitor_images/2825/img5.jpg
1288,2825.0,monitor_images/2825/img6.jpg
1289,2825.0,monitor_images/2825/img7.jpg
1290,2826.0,monitor_images/2826/img1.jpg
1291,2826.0,monitor_images/2826/img2.jpg
1292,2826.0,monitor_images/2826/img3.jpg
1293,2826.0,monitor_images/2826/img4.jpg
1294,2826.0,monitor_images/2826/img5.jpg
1295,2827.0,monitor_images/2827/img1.jpg
1296,2827.0,monitor_images/2827/img2.jpg
1297,2827.0,monitor_images/2827/img3.jpg
1298,2827.0,monitor_images/2827/img4.jpg
1299,2828.0,monitor_images/2828/img1.jpg
1300,2828.0,monitor_images/2828/img2.jpg
1301,2828.0,monitor_images/2828/img3.jpg
1302,2828.0,monitor_images/2828/img4.jpg
1303,2828.0,monitor_images/2828/img5.jpg
1304,2829.0,monitor_images/2829/img1.jpg
1305,2829.0,monitor_images/2829/img2.jpg
1306,2829.0,monitor_images/2829/img3.jpg
1307,2829.0,monitor_images/2829/img4.jpg
1308,2830.0,monitor_images/2830/img1.jpg
1309,2830.0,monitor_images/2830/img2.jpg
1310,2830.0,monitor_images/2830/img3.jpg
1311,2830.0,monitor_images/2830/img4.jpg
1312,2830.0,monitor_images/2830/img5.jpg
1313,2830.0,monitor_images/2830/img6.jpg
1314,2831.0,monitor_images/2831/img1.jpg
1315,2831.0,monitor_images/2831/img2.jpg
1316,2831.0,monitor_images/2831/img3.jpg
1317,2831.0,monitor_images/2831/img4.jpg
1318,2831.0,monitor_images/2831/img5.jpg
1319,2831.0,monitor_images/2831/img6.jpg
1320,2832.0,monitor_images/2832/img1.jpg
1321,2832.0,monitor_images/2832/img2.jpg
1322,2832.0,monitor_images/2832/img3.jpg
1323,2832.0,monitor_images/2832/img4.jpg
1324,2832.0,monitor_images/2832/img5.jpg
1325,2833.0,monitor_images/2833/img1.jpg
1326,2834.0,monitor_images/2834/img1.jpg
1327,2834.0,monitor_images/2834/img2.jpg
1328,2834.0,monitor_images/2834/img3.jpg
1329,2834.0,monitor_images/2834/img4.jpg
1330,2834.0,monitor_images/2834/img5.jpg
1331,2834.0,monitor_images/2834/img6.jpg
1332,2835.0,monitor_images/2835/img1.jpg
1333,2835.0,monitor_images/2835/img2.jpg
1334,2835.0,monitor_images/2835/img3.jpg
1335,2835.0,monitor_images/2835/img4.jpg
1336,2836.0,monitor_images/2836/img1.jpg
1337,2836.0,monitor_images/2836/img2.jpg
1338,2836.0,monitor_images/2836/img3.jpg
1339,2836.0,monitor_images/2836/img4.jpg
1340,2837.0,monitor_images/2837/img1.jpg
1341,2837.0,monitor_images/2837/img2.jpg
1342,2837.0,monitor_images/2837/img3.jpg
1343,2837.0,monitor_images/2837/img4.jpg
1344,2837.0,monitor_images/2837/img5.jpg
1345,2838.0,monitor_images/2838/img1.jpg
1346,2838.0,monitor_images/2838/img2.jpg
1347,2838.0,monitor_images/2838/img3.jpg
1348,2839.0,monitor_images/2839/img1.jpg
1349,2839.0,monitor_images/2839/img2.jpg
1350,2839.0,monitor_images/2839/img3.jpg
1351,2840.0,monitor_images/2840/img1.jpg
1352,2840.0,monitor_images/2840/img2.jpg
1353,2840.0,monitor_images/2840/img3.jpg
1354,2840.0,monitor_images/2840/img4.jpg
1355,2840.0,monitor_images/2840/img5.jpg
1356,2840.0,monitor_images/2840/img6.jpg
1357,2840.0,monitor_images/2840/img7.jpg
1358,2841.0,monitor_images/2841/img1.jpg
1359,2841.0,monitor_images/2841/img2.jpg
1360,2841.0,monitor_images/2841/img3.jpg
1361,2841.0,monitor_images/2841/img4.jpg
1362,2842.0,monitor_images/2842/img1.jpg
1363,2842.0,monitor_images/2842/img2.jpg
1364,2842.0,monitor_images/2842/img3.jpg
1365,2842.0,monitor_images/2842/img4.jpg
1366,2843.0,monitor_images/2843/img1.jpg
1367,2843.0,monitor_images/2843/img2.jpg
1368,2843.0,monitor_images/2843/img3.jpg
1369,2844.0,monitor_images/2844/img1.jpg
1370,2844.0,monitor_images/2844/img2.jpg
1371,2844.0,monitor_images/2844/img3.jpg
1372,2844.0,monitor_images/2844/img4.jpg
1373,2845.0,monitor_images/2845/img1.jpg
1374,2845.0,monitor_images/2845/img2.jpg
1375,2846.0,monitor_images/2846/img1.jpg
1376,2846.0,monitor_images/2846/img2.jpg
1377,2846.0,monitor_images/2846/img3.jpg
1378,2846.0,monitor_images/2846/img4.jpg
1379,2847.0,monitor_images/2847/img1.jpg
1380,2847.0,monitor_images/2847/img2.jpg
1381,2847.0,monitor_images/2847/img3.jpg
1382,2847.0,monitor_images/2847/img4.jpg
1383,2848.0,monitor_images/2848/img1.jpg
1384,2848.0,monitor_images/2848/img2.jpg
1385,2848.0,monitor_images/2848/img3.jpg
1386,2848.0,monitor_images/2848/img4.jpg
1387,2848.0,monitor_images/2848/img5.jpg
1388,2848.0,monitor_images/2848/img6.jpg
1389,2848.0,monitor_images/2848/img7.jpg
1390,2849.0,monitor_images/2849/img1.jpg
1391,2849.0,monitor_images/2849/img2.jpg
1392,2849.0,monitor_images/2849/img3.jpg
1393,2849.0,monitor_images/2849/img4.jpg
1394,2849.0,monitor_images/2849/img5.jpg
1395,2850.0,monitor_images/2850/img1.jpg
1396,2850.0,monitor_images/2850/img2.jpg
1397,2850.0,monitor_images/2850/img3.jpg
1398,2850.0,monitor_images/2850/img4.jpg
1399,2851.0,monitor_images/2851/img1.jpg
1400,2851.0,monitor_images/2851/img2.jpg
1401,2851.0,monitor_images/2851/img3.jpg
1402,2851.0,monitor_images/2851/img4.jpg
1403,2852.0,monitor_images/2852/img1.jpg
1404,2853.0,monitor_images/2853/img1.jpg
1405,2853.0,monitor_images/2853/img2.jpg
1406,2853.0,monitor_images/2853/img3.jpg
1407,2853.0,monitor_images/2853/img4.jpg
1408,2853.0,monitor_images/2853/img5.jpg
1409,2853.0,monitor_images/2853/img6.jpg
1410,2854.0,monitor_images/2854/img1.jpg
1411,2854.0,monitor_images/2854/img2.jpg
1412,2855.0,monitor_images/2855/img1.jpg
1413,2855.0,monitor_images/2855/img2.jpg
1414,2855.0,monitor_images/2855/img3.jpg
1415,2855.0,monitor_images/2855/img4.jpg
1416,2855.0,monitor_images/2855/img5.jpg
1417,2855.0,monitor_images/2855/img6.jpg
1418,2855.0,monitor_images/2855/img7.jpg
1419,2856.0,monitor_images/2856/img1.jpg
1420,2856.0,monitor_images/2856/img2.jpg
1421,2856.0,monitor_images/2856/img3.jpg
1422,2856.0,monitor_images/2856/img4.jpg
1423,2856.0,monitor_images/2856/img5.jpg
1424,2856.0,monitor_images/2856/img6.jpg
1425,2857.0,monitor_images/2857/img1.jpg
1426,2857.0,monitor_images/2857/img2.jpg
1427,2857.0,monitor_images/2857/img3.jpg
1428,2857.0,monitor_images/2857/img4.jpg
1429,2858.0,monitor_images/2858/img1.jpg
1430,2858.0,monitor_images/2858/img2.jpg
1431,2859.0,monitor_images/2859/img1.jpg
1432,2859.0,monitor_images/2859/img2.jpg
1433,2859.0,monitor_images/2859/img3.jpg
1434,2860.0,monitor_images/2860/img1.jpg
1435,2860.0,monitor_images/2860/img2.jpg
1436,2860.0,monitor_images/2860/img3.jpg
1437,2860.0,monitor_images/2860/img4.jpg
1438,2860.0,monitor_images/2860/img5.jpg
1439,2861.0,monitor_images/2861/img1.jpg
1440,2861.0,monitor_images/2861/img2.jpg
1441,2861.0,monitor_images/2861/img3.jpg
1442,2861.0,monitor_images/2861/img4.jpg
1443,2862.0,monitor_images/2862/img1.jpg
1444,2862.0,monitor_images/2862/img2.jpg
1445,2862.0,monitor_images/2862/img3.jpg
1446,2862.0,monitor_images/2862/img4.jpg
